,longitude,latitude,housing_median_age,total_rooms,total_bedrooms,population,households,median_income,ocean_proximity
7248,-118.11,34.01,22,1141,332,1189,321,2.2042,<1H OCEAN
13581,-117.28,34.12,36,2991,822,2378,751,1.3571,INLAND
16401,-121.23,37.98,27,849,137,373,131,5.0362,INLAND
756,-122.04,37.66,23,2419,348,1066,384,6.3501,NEAR BAY
2051,-119.72,36.71,7,2456,463,1350,424,3.0179,INLAND
9930,-122.33,38.29,14,3541,499,1577,459,5.3351,NEAR BAY
10318,-117.81,33.84,17,4343,515,1605,484,10.5981,<1H OCEAN
8673,-118.38,33.83,35,2152,454,902,414,4.5179,<1H OCEAN
14769,-117.1,32.56,16,2687,501,1502,480,3.75,NEAR OCEAN
2143,-119.74,36.78,27,4049,947,2254,882,2.2467,INLAND
13395,-117.58,34.02,4,5998,1092,3182,1042,5.2692,INLAND
17374,-120.43,34.96,24,1799,470,1416,408,2.0673,<1H OCEAN
9918,-122.31,38.32,33,2463,421,1235,465,3.7045,NEAR BAY
17293,-119.61,34.45,33,3597,519,1207,479,5.3963,<1H OCEAN
14021,-117.17,32.75,28,1514,384,540,352,2.1532,NEAR OCEAN
13383,-117.58,34.11,14,11635,2055,6443,2009,4.7547,INLAND
8460,-118.36,33.9,39,1166,222,640,206,3.5313,<1H OCEAN
16644,-120.62,35.28,28,3952,592,1469,571,6.3144,NEAR OCEAN
18606,-122.13,37.15,39,2854,613,1338,518,3.9423,NEAR OCEAN
11763,-121.28,38.73,6,4223,672,1747,631,5.419,INLAND
10767,-117.9,33.63,28,2370,352,832,347,7.1148,<1H OCEAN
7862,-118.13,33.9,35,1458,261,686,236,3.9038,<1H OCEAN
11586,-118.01,33.79,30,2460,403,1277,395,5.4372,<1H OCEAN
13453,-117.41,34.11,29,3999,772,2602,760,3.5481,INLAND
864,-122.01,37.57,14,16199,2993,8117,2847,5.8322,NEAR BAY
4260,-118.34,34.1,24,1996,791,1215,672,1.5429,<1H OCEAN
5023,-118.34,33.99,48,2009,335,919,297,4.8125,<1H OCEAN
8427,-118.35,33.92,29,736,232,584,231,3.6167,<1H OCEAN
9198,-119.59,37.39,19,3273,611,1164,481,3.5446,INLAND
3610,-118.42,34.24,36,1181,220,775,218,4.7228,<1H OCEAN
17105,-122.22,37.46,13,2888,546,1182,504,6.0255,NEAR OCEAN
7415,-118.22,33.94,42,1046,287,1218,289,2.6538,<1H OCEAN
19232,-122.66,38.48,21,2066,393,919,395,3.267,<1H OCEAN
17080,-122.19,37.48,38,1300,269,608,292,4.5568,NEAR BAY
2927,-119.01,35.36,24,1941,484,1277,435,1.056,INLAND
7560,-118.2,33.91,36,2283,499,1836,462,2.8793,<1H OCEAN
19081,-122.48,38.31,29,2375,560,1124,502,2.3276,<1H OCEAN
1170,-121.58,39.51,24,1865,372,1087,385,1.6389,INLAND
13906,-116.47,34.07,22,5473,1234,2581,1098,1.9375,INLAND
6307,-117.87,33.99,21,2837,515,2031,555,4.9271,<1H OCEAN
16906,-122.34,37.57,39,2647,616,1254,555,4.2407,NEAR OCEAN
2922,-119.02,35.36,47,1631,340,847,315,2.5062,INLAND
15156,-117.04,32.98,16,1332,196,640,193,6.0226,<1H OCEAN
15958,-122.46,37.71,47,1527,283,1102,282,4,NEAR OCEAN
4626,-118.32,34.06,52,955,100,457,120,15.0001,<1H OCEAN
14528,-117.14,32.92,6,3069,750,1541,736,3.814,<1H OCEAN
7471,-118.21,33.94,34,710,205,1134,233,2.7734,<1H OCEAN
3827,-118.46,34.2,22,4855,1350,2519,1258,3.0893,<1H OCEAN
18458,-121.8,37.23,18,2581,358,1284,377,6.7385,<1H OCEAN
18155,-122.06,37.35,31,1795,281,872,282,8.0599,<1H OCEAN
19278,-122.72,38.43,31,2020,476,1408,437,2.5735,<1H OCEAN
7669,-118.08,33.92,39,1631,322,1034,328,4.5382,<1H OCEAN
18108,-122,37.31,28,3811,585,1795,581,7.8383,<1H OCEAN
12342,-116.53,33.84,28,8399,1839,3470,1340,2.5885,INLAND
13400,-117.43,34.12,7,5954,1071,3567,1070,3.2056,INLAND
4250,-118.35,34.1,26,3977,1050,1720,935,3.358,<1H OCEAN
492,-122.25,37.86,52,1587,444,878,449,1.7652,NEAR BAY
15593,-116.26,33.07,17,934,284,452,184,1.9875,INLAND
17278,-119.74,34.43,26,3119,562,1459,562,5.0434,NEAR OCEAN
1149,-121.56,39.52,9,818,197,358,197,1.7708,INLAND
6880,-118.09,34.07,45,726,146,568,160,3.0347,<1H OCEAN
17483,-119.82,34.45,24,3592,533,1683,528,6.7247,NEAR OCEAN
19526,-120.97,37.65,16,3960,716,1776,724,3.9886,INLAND
20617,-121.53,39.06,20,561,109,308,114,3.3021,INLAND
7428,-118.21,33.95,32,1116,328,1265,302,2.295,<1H OCEAN
7789,-118.07,33.89,29,1138,217,964,222,4.537,<1H OCEAN
6599,-118.16,34.17,52,1193,228,703,221,3.1741,<1H OCEAN
10278,-117.82,33.88,18,1982,300,1027,324,7.0526,<1H OCEAN
11090,-117.89,33.82,24,1268,210,700,224,5.0605,<1H OCEAN
10944,-117.87,33.74,16,1243,365,1925,376,2.7632,<1H OCEAN
20034,-119.02,36.07,39,1173,269,702,232,1.6146,INLAND
10772,-117.89,33.66,32,2736,550,1279,534,5.5422,<1H OCEAN
10600,-117.8,33.68,8,2032,349,862,340,6.9133,<1H OCEAN
3897,-118.51,34.2,35,1614,308,850,330,4.1806,<1H OCEAN
11759,-121.24,38.72,12,3605,576,1556,549,4.9,INLAND
1610,-122.06,37.86,16,5187,1014,1512,986,4.4551,NEAR BAY
1488,-122.03,37.95,14,3287,793,1601,716,3.1719,NEAR BAY
5850,-118.32,34.18,49,192,41,83,38,3.0179,<1H OCEAN
5554,-118.4,33.96,44,1138,228,497,228,4.1852,<1H OCEAN
18470,-121.64,37.15,13,4780,798,2795,764,6.1684,<1H OCEAN
9456,-123.71,39.88,42,1518,383,656,303,1.4952,NEAR OCEAN
9730,-121.74,36.79,16,3841,620,1799,611,4.3814,<1H OCEAN
17333,-120.44,34.91,12,3189,463,1200,442,5.299,<1H OCEAN
559,-122.24,37.76,52,2504,516,979,472,3.4762,NEAR BAY
664,-122.14,37.7,36,1266,228,606,239,3.9702,NEAR BAY
12366,-116.46,33.79,10,6960,1487,1130,661,2.1411,INLAND
8621,-118.38,33.86,15,1778,311,908,330,7.674,<1H OCEAN
3794,-118.37,34.16,40,1973,382,774,352,4.4122,<1H OCEAN
7734,-118.15,33.93,30,3096,628,1676,587,4.6583,<1H OCEAN
4797,-118.35,34.02,52,427,92,233,116,3.25,<1H OCEAN
16504,-121.12,37.73,35,1107,227,573,210,2.3924,INLAND
17411,-120.64,34.97,5,2090,469,1911,482,2.4318,NEAR OCEAN
19444,-121.04,37.68,28,1909,398,1140,380,2.3783,INLAND
20494,-118.71,34.29,24,2983,406,1203,381,6.3236,<1H OCEAN
6435,-118.01,34.11,43,1858,345,1054,329,3.5625,INLAND
478,-122.28,37.86,52,1999,417,780,358,3.3906,NEAR BAY
17355,-120.43,34.88,22,2580,381,1149,372,5.0113,<1H OCEAN
17818,-121.9,37.4,16,2998,603,1606,615,3.7622,<1H OCEAN
17289,-119.63,34.42,42,1765,263,753,260,8.5608,<1H OCEAN
9702,-121.64,36.67,28,256,66,214,60,3.0197,<1H OCEAN
9931,-122.3,38.29,20,1789,434,1113,398,2.4728,NEAR BAY
4226,-118.29,34.1,39,2196,582,1165,538,2.9417,<1H OCEAN
33,-122.27,37.83,49,1655,366,754,329,1.375,NEAR BAY
6089,-117.86,34.1,29,1185,197,588,196,5.0832,<1H OCEAN
2748,-115.57,32.78,15,1413,279,803,277,4.3021,INLAND
6595,-118.15,34.18,46,2230,488,1985,456,2.2328,<1H OCEAN
14138,-117.07,32.74,37,1042,205,589,208,2.6629,NEAR OCEAN
20163,-119.31,34.44,5,403,48,208,54,12.632,NEAR OCEAN
20257,-119.16,34.2,35,2183,636,3504,623,1.9704,NEAR OCEAN
19538,-120.95,37.65,14,5200,1119,3221,1102,2.6964,INLAND
13956,-117.06,34.17,21,2520,582,416,151,2.712,INLAND
15788,-122.37,37.81,26,5416,1045,4531,962,2.7909,NEAR BAY
17722,-121.79,37.33,18,3611,614,2381,642,5.6345,<1H OCEAN
9574,-120.59,37.35,15,3249,613,1569,595,3.5393,INLAND
13369,-117.57,34.13,5,6135,879,2795,781,5.9369,INLAND
10342,-117.69,33.8,5,3178,631,1467,581,5.2541,<1H OCEAN
5035,-118.34,33.99,48,2225,433,1170,401,2.9643,<1H OCEAN
14743,-117.06,32.58,11,2879,679,2098,673,3.5125,NEAR OCEAN
7213,-118.17,34.02,41,676,216,851,199,2.3077,<1H OCEAN
15567,-117.03,33.12,25,3142,446,1286,419,5.4663,<1H OCEAN
6869,-118.11,34.06,16,2416,565,1750,514,2.8229,<1H OCEAN
18673,-121.88,36.96,18,4910,817,1971,773,5.8325,NEAR OCEAN
6863,-118.13,34.05,35,3229,616,1879,595,3.9531,<1H OCEAN
18091,-122.08,37.3,30,2268,404,1197,372,7.0813,<1H OCEAN
665,-122.16,37.7,36,2239,391,1203,379,5.0043,NEAR BAY
3123,-118,35.05,21,1739,425,945,362,3.4015,INLAND
806,-122.04,37.63,33,952,172,369,159,3.2331,NEAR BAY
13903,-116.38,34.2,14,4985,1238,2517,954,2.0674,INLAND
761,-122.08,37.65,17,5018,1439,3069,1299,2.7694,NEAR BAY
6298,-117.91,34.02,22,6269,,5587,1251,3.8201,<1H OCEAN
19939,-119.32,36.3,14,1680,343,931,350,2.7336,INLAND
3576,-118.53,34.25,20,6331,1537,2957,1509,3.3892,<1H OCEAN
12378,-116.46,33.78,25,1137,414,604,240,1.3801,INLAND
11748,-121.14,38.82,22,1816,278,832,278,5.07,INLAND
1597,-122.11,37.89,32,2372,516,1067,492,4.3235,NEAR BAY
3304,-122.63,38.96,20,2507,577,1072,457,2.3083,INLAND
1810,-122.33,37.92,26,3887,779,2512,740,2.2301,NEAR BAY
17495,-119.8,34.44,27,2674,419,1176,416,5.0294,NEAR OCEAN
3063,-119.24,35.68,21,1885,398,1539,388,2.5208,INLAND
20353,-119.05,34.13,12,57,22,69,15,5.0066,NEAR OCEAN
8860,-118.37,34.06,36,1661,395,690,365,3.3438,<1H OCEAN
3030,-119.47,35.4,32,2167,421,1301,394,1.9718,INLAND
1630,-122.17,37.88,32,3633,508,1393,506,7.6917,NEAR BAY
9663,-120.48,41.82,20,1367,284,429,181,2.0227,INLAND
15056,-116.93,32.79,23,5759,1258,3108,1202,3.0927,<1H OCEAN
9331,-122.5,37.97,25,6526,1902,5917,1812,2.7273,NEAR BAY
17001,-122.26,37.57,23,7995,1254,3484,1198,6.5948,NEAR BAY
2816,-119.02,35.41,21,2534,554,1297,517,2.0575,INLAND
2753,-115.49,32.67,25,2322,573,2185,602,1.375,INLAND
14155,-117.07,32.77,38,3779,614,1495,614,4.3529,NEAR OCEAN
15703,-122.43,37.79,52,3522,938,1319,887,4.3986,NEAR BAY
5356,-118.39,34.05,35,2458,576,1047,554,4.0283,<1H OCEAN
10566,-117.76,33.71,15,1010,350,470,342,3.2229,<1H OCEAN
18912,-122.24,38.15,10,6817,1188,4163,1135,4.4529,NEAR BAY
7812,-118.1,33.89,35,994,203,602,185,3.5865,<1H OCEAN
19820,-119.37,36.47,26,337,69,277,73,2.3438,INLAND
8768,-118.38,33.81,36,1018,148,329,169,10.5045,NEAR OCEAN
2330,-119.72,36.82,16,2627,613,1054,623,1.9483,INLAND
20277,-119.22,34.18,17,3332,762,1797,673,4.4292,NEAR OCEAN
15103,-116.99,32.85,32,5211,949,3025,948,4.0931,<1H OCEAN
18632,-121.93,37.05,14,679,108,306,113,6.4214,<1H OCEAN
6852,-118.16,34.07,47,2994,543,1651,561,3.8644,<1H OCEAN
17634,-121.93,37.27,28,3428,753,1753,729,4.1033,<1H OCEAN
9807,-121.93,36.59,25,2201,353,622,295,5.0621,NEAR OCEAN
19017,-121.96,38.35,20,1415,266,667,250,4.0938,INLAND
19782,-122.96,40.77,29,1637,297,753,270,3.2891,INLAND
4232,-118.3,34.1,37,5305,1980,3895,1874,2.0672,<1H OCEAN
14606,-117.14,32.83,25,2161,462,896,468,2.2284,NEAR OCEAN
10001,-121.07,39.05,10,1813,311,827,287,3.6087,INLAND
20027,-119.02,36.09,15,2234,415,1254,420,3.0234,INLAND
10581,-117.82,33.72,24,3260,458,1383,442,6.5987,<1H OCEAN
6723,-118.15,34.13,34,824,224,430,213,3.6389,<1H OCEAN
17647,-121.91,37.26,32,3983,876,1989,794,3.5625,<1H OCEAN
12932,-121.23,38.65,19,2926,476,1349,480,4.6437,INLAND
13289,-117.66,34.06,24,4043,952,2174,859,2.2244,INLAND
10507,-117.68,33.54,5,2840,403,1363,403,7.618,<1H OCEAN
10055,-121.03,39.26,49,3739,759,1422,606,2.4283,INLAND
8308,-118.1,33.76,15,4690,1002,1879,974,5.6051,NEAR OCEAN
13046,-121.22,38.58,25,394,94,155,83,2.233,INLAND
8609,-118.36,33.86,35,2126,434,1044,433,5.5456,<1H OCEAN
9779,-121.13,36.21,30,1484,414,1200,351,1.7548,<1H OCEAN
19098,-122.62,38.24,33,1369,280,758,246,4.0341,<1H OCEAN
16239,-121.3,37.97,52,2259,417,766,385,2.2981,INLAND
993,-121.72,37.7,17,1671,352,729,252,6.1023,INLAND
10285,-117.84,33.9,24,1723,223,707,219,7.0352,<1H OCEAN
9731,-121.72,36.81,18,1984,379,1078,359,3.2969,<1H OCEAN
3393,-118.31,34.27,35,1446,274,759,291,6.0808,<1H OCEAN
2791,-118.39,37.37,25,3295,824,1477,770,1.8325,INLAND
13006,-121.28,38.67,23,1727,264,833,258,5.4797,INLAND
20417,-118.86,34.19,29,1326,185,586,187,6.5474,<1H OCEAN
9080,-118.19,34.77,16,2035,370,704,330,2.1979,INLAND
18400,-121.84,37.25,25,5939,989,3275,954,5.6488,<1H OCEAN
6421,-117.99,34.14,30,2346,,1988,474,2.5625,INLAND
2177,-119.85,36.75,24,1143,245,608,240,2.8194,INLAND
7507,-118.27,33.91,42,1786,358,1318,373,2.625,<1H OCEAN
13231,-117.68,34.15,4,4082,578,1996,580,6.7813,INLAND
8537,-118.36,33.89,37,1719,426,1266,424,3.375,<1H OCEAN
20472,-118.76,34.26,26,1750,284,962,278,4.5673,<1H OCEAN
15194,-117.01,32.99,8,3372,430,1536,448,8.4284,<1H OCEAN
469,-122.29,37.87,46,1267,324,792,321,2.525,NEAR BAY
19997,-119.35,36.16,21,2751,602,1496,489,2.3882,INLAND
3120,-117.84,35.54,11,1751,316,765,296,5.0762,INLAND
14406,-117.25,32.77,32,2021,524,973,485,3.18,NEAR OCEAN
17602,-121.88,37.3,42,1867,398,927,389,4.325,<1H OCEAN
1629,-122.16,37.89,32,1779,241,721,258,8.7589,NEAR BAY
7193,-118.19,34.03,27,1346,340,1177,295,1.7995,<1H OCEAN
6900,-118.14,34.03,38,1447,293,1042,284,4.1375,<1H OCEAN
12983,-121.3,38.68,19,2655,438,1253,454,5.2817,INLAND
7275,-118.24,33.99,33,885,294,1270,282,2.1615,<1H OCEAN
9530,-123.1,38.97,36,1211,247,697,251,2.5761,<1H OCEAN
7167,-118.17,34.06,44,1856,461,1853,452,2.5033,<1H OCEAN
12680,-121.39,38.55,25,2171,431,1053,422,3.5278,INLAND
10893,-117.87,33.72,37,2216,497,2445,506,3.8421,<1H OCEAN
8982,-118.43,34,37,1340,358,1008,340,3.7614,<1H OCEAN
18601,-122.12,37.16,32,1602,317,752,275,5.1664,NEAR OCEAN
3987,-118.64,34.19,28,3274,571,1424,521,4.4167,<1H OCEAN
13143,-121.54,38.29,47,1396,254,630,218,2.8616,INLAND
19175,-122.65,38.37,15,1848,280,786,282,5.7204,<1H OCEAN
12712,-121.4,38.59,18,2614,624,1181,616,2.0432,INLAND
8992,-118.35,34,46,3402,503,1389,504,5.3462,<1H OCEAN
10869,-117.88,33.7,16,1505,358,835,339,3.8029,<1H OCEAN
17581,-121.92,37.31,34,876,150,424,163,5.2769,<1H OCEAN
4596,-118.28,34.05,41,1788,774,2931,702,1.4413,<1H OCEAN
4418,-118.25,34.09,52,3142,765,1728,682,3.1864,<1H OCEAN
9267,-120.13,36.87,32,2089,468,1765,427,2.234,INLAND
5318,-118.42,34.06,44,533,90,291,97,10.8045,<1H OCEAN
6947,-118.08,33.99,37,1419,310,1125,296,2.5,<1H OCEAN
9503,-123.39,38.99,28,1416,294,812,258,3.4063,<1H OCEAN
18427,-121.83,37.25,17,2332,637,1636,623,3.1932,<1H OCEAN
9667,-119.54,38.51,14,1250,272,721,234,2.35,INLAND
16772,-122.48,37.69,42,2993,512,1594,546,4.4821,NEAR OCEAN
13063,-121.33,38.56,17,3608,682,1694,666,3.311,INLAND
10300,-117.83,33.93,14,1956,282,671,269,6.5841,<1H OCEAN
14078,-117.11,32.77,48,1502,272,590,265,2.5952,NEAR OCEAN
2652,-124.03,40.45,34,1006,213,443,158,2.6094,<1H OCEAN
8941,-118.46,34.01,48,1640,322,664,301,4,<1H OCEAN
9322,-122.54,37.97,39,4193,762,1833,737,5.6263,NEAR BAY
12855,-121.37,38.67,36,1354,258,771,267,2.2723,INLAND
9499,-123.53,38.93,38,1706,355,506,211,2.5625,NEAR OCEAN
6228,-117.95,34.05,34,1428,227,890,249,5.8722,<1H OCEAN
14377,-117.25,32.73,37,2224,331,821,341,6.3331,NEAR OCEAN
9300,-122.57,38.02,33,9531,1487,3798,1409,5.6512,NEAR BAY
13949,-117.21,34.22,31,5454,1053,1408,504,5,INLAND
7849,-118.17,33.89,11,3605,880,3637,873,2.6328,<1H OCEAN
12652,-121.45,38.51,29,4221,901,2294,850,2.2245,INLAND
7949,-118.14,33.87,44,1607,271,799,283,5.084,<1H OCEAN
6343,-117.75,34.06,52,62,9,44,16,0.4999,INLAND
13968,-116.86,34.31,19,1649,328,382,151,4.0556,INLAND
20598,-121.58,39.15,38,1756,396,837,401,1.9122,INLAND
6740,-118.09,34.12,38,1713,285,779,286,5.6152,<1H OCEAN
11882,-117.37,33.98,43,2862,772,1878,675,2.1151,INLAND
3686,-118.37,34.21,34,2272,558,2164,484,3.7143,<1H OCEAN
11940,-117.41,33.94,22,4179,1081,2096,1013,2.4435,INLAND
8724,-118.36,33.83,35,1378,247,645,217,5.9143,<1H OCEAN
10491,-117.68,33.51,19,2930,428,1481,430,6.323,<1H OCEAN
16283,-121.29,37.93,24,1438,351,1294,342,2.7829,INLAND
19331,-122.94,38.49,37,3169,719,777,344,2.7072,<1H OCEAN
849,-122.04,37.59,14,1727,302,1116,273,5.3428,NEAR BAY
517,-122.23,37.82,52,1611,203,556,179,8.7477,NEAR BAY
13311,-117.61,34.08,12,4427,,2400,843,4.7147,INLAND
11360,-117.91,33.74,15,715,214,1394,244,3.3846,<1H OCEAN
17522,-121.9,37.33,34,197,44,152,47,4.05,<1H OCEAN
14755,-117.06,32.57,18,1384,311,1429,287,1.3362,NEAR OCEAN
16517,-121.21,37.8,31,699,186,460,170,2.7443,INLAND
6930,-118.08,34.02,14,3789,810,2551,793,2.9321,<1H OCEAN
8554,-118.39,33.92,41,80,20,61,23,5.25,<1H OCEAN
18691,-121.77,36.96,20,4228,816,2389,844,3.525,<1H OCEAN
9698,-121.61,36.67,39,3260,821,3130,793,2.5224,<1H OCEAN
11496,-118.03,33.71,26,1483,251,738,235,6,<1H OCEAN
16925,-122.31,37.58,44,1990,442,1141,424,3.9696,NEAR BAY
2510,-119.55,36.51,46,55,11,26,5,4.125,INLAND
5235,-118.23,33.94,35,1090,267,1339,263,2.1607,<1H OCEAN
15140,-116.89,32.85,15,3560,593,1757,574,5.1185,<1H OCEAN
409,-122.28,37.9,52,2003,250,658,244,10.0825,NEAR BAY
11025,-117.82,33.79,26,2641,633,3657,617,4.1339,<1H OCEAN
3256,-120.13,35.87,26,48,8,13,8,2.375,INLAND
1693,-122.26,38,14,2338,391,1003,398,4.2269,NEAR BAY
18773,-122.29,40.47,20,2858,612,1422,589,1.9657,INLAND
2727,-115.54,32.79,23,1712,403,1370,377,1.275,INLAND
8109,-118.19,33.79,29,3497,1096,2994,919,1.8109,NEAR OCEAN
13936,-117.28,34.24,16,3474,633,853,315,5.2185,INLAND
2080,-119.82,36.76,41,1973,399,1107,375,1.8971,INLAND
10422,-117.6,33.41,29,2193,389,922,387,4.5476,NEAR OCEAN
18351,-122.18,37.41,21,1034,117,323,117,10.7237,NEAR OCEAN
16346,-121.34,38.03,12,2707,433,1200,380,4.9861,INLAND
20102,-120.13,37.93,5,111,26,58,25,1.675,INLAND
14619,-117.16,32.78,24,3566,765,1697,722,3.6375,NEAR OCEAN
18789,-122.37,40.39,12,3783,702,1970,639,3.3005,INLAND
12728,-121.36,38.6,36,1275,227,530,245,3.875,INLAND
15959,-122.43,37.71,35,2878,564,1633,528,4.5,NEAR BAY
17095,-122.24,37.47,36,2021,433,1117,432,3.929,NEAR OCEAN
5322,-118.43,34.05,24,3832,949,1613,893,3.9673,<1H OCEAN
5813,-118.26,34.14,23,1336,396,1255,359,2.5388,<1H OCEAN
822,-122.06,37.63,23,1939,356,841,364,3.3611,NEAR BAY
3652,-118.44,34.22,41,1582,399,1159,378,2.825,<1H OCEAN
15616,-122.42,37.81,52,1314,317,473,250,4.3472,NEAR BAY
15161,-117.03,32.97,16,3936,694,1935,659,4.5625,<1H OCEAN
16462,-121.27,38.11,11,3163,794,2106,762,2.4482,INLAND
2888,-118.99,35.39,36,1438,348,1054,341,1.8319,INLAND
15489,-117.13,33.14,12,2258,456,1147,433,4.0495,<1H OCEAN
14481,-117.25,32.82,23,6139,826,2036,807,9.5245,NEAR OCEAN
10981,-117.84,33.76,26,2110,409,1146,407,4.3698,<1H OCEAN
19961,-119.27,36.18,23,3180,547,1829,498,2.6098,INLAND
18486,-121.57,36.98,14,5231,817,2634,799,4.9702,INLAND
14237,-117.03,32.69,8,2460,397,1784,390,4.5662,NEAR OCEAN
10708,-117.71,33.61,26,2280,550,669,502,2.3438,<1H OCEAN
3470,-118.46,34.29,24,3668,890,3151,810,3.0526,<1H OCEAN
12255,-117.02,33.76,20,1317,203,453,158,2.8393,INLAND
19136,-122.69,38.3,30,3919,743,1693,693,3.3827,<1H OCEAN
9356,-122.54,37.96,44,1552,204,596,208,10.129,NEAR BAY
2635,-124.16,40.6,39,1322,283,642,292,2.4519,NEAR OCEAN
10712,-117.7,33.59,11,8039,1717,3445,1571,4.1678,<1H OCEAN
6927,-118.07,34,42,1392,351,1471,348,2.63,<1H OCEAN
16887,-122.39,37.57,35,520,83,185,76,6.4865,NEAR OCEAN
19043,-121.76,38.41,19,686,107,348,109,3.9306,INLAND
3776,-118.42,34.16,25,2769,566,1201,545,3.6641,<1H OCEAN
17549,-121.86,37.35,46,1448,330,1094,331,2.4968,<1H OCEAN
12027,-117.48,33.94,29,1625,336,1046,320,3.1985,INLAND
3562,-118.58,34.25,23,4883,769,2119,725,5.521,<1H OCEAN
2211,-119.85,36.8,14,4177,914,2300,867,2.9565,INLAND
3438,-118.42,34.26,37,1789,424,2279,411,3.9,<1H OCEAN
5238,-118.23,33.93,36,501,123,487,118,1.3,<1H OCEAN
13510,-117.34,34.13,29,331,85,341,107,0.7069,INLAND
17448,-120.47,34.63,23,2441,463,1392,434,3.7917,NEAR OCEAN
20084,-120.27,38.02,13,3839,715,1486,532,3.1875,INLAND
14519,-117.13,32.91,16,2715,581,1619,584,4,<1H OCEAN
11217,-117.93,33.8,34,3903,717,2054,716,4.2731,<1H OCEAN
14605,-117.17,32.81,33,3064,506,1355,488,4.22,NEAR OCEAN
8746,-118.34,33.8,25,4177,832,2123,789,5.0814,<1H OCEAN
16858,-122.41,37.63,39,4220,1055,2720,1046,2.639,NEAR OCEAN
16498,-120.97,37.84,28,2368,430,1231,403,2.883,INLAND
19546,-121,37.63,31,215,62,192,66,1.75,INLAND
6128,-117.97,34.11,18,123,28,121,26,3.0417,INLAND
5728,-118.21,34.18,14,2672,335,1113,318,12.1579,<1H OCEAN
5559,-118.45,33.96,36,2723,547,1090,519,6.3267,<1H OCEAN
16203,-121.28,37.94,48,1766,444,1406,421,1.7039,INLAND
16481,-121.32,38.21,27,2643,467,1455,444,3.6398,INLAND
15618,-122.42,37.8,52,4985,1355,1848,1255,4.9211,NEAR BAY
10100,-117.96,33.93,15,2014,419,839,390,4.7446,<1H OCEAN
6207,-117.9,34.06,33,1701,290,831,275,5.4469,<1H OCEAN
7766,-118.11,33.91,22,1981,472,1231,457,4.0878,<1H OCEAN
6277,-117.94,34.02,27,5026,955,3899,930,3.871,<1H OCEAN
6939,-118.1,33.99,36,1529,290,1271,287,3.6875,<1H OCEAN
18630,-121.93,37.04,36,1522,230,677,206,5.8642,<1H OCEAN
12503,-121.43,38.56,41,1105,227,443,210,3.1827,INLAND
9521,-123.2,39.13,26,1474,417,1065,401,1.375,<1H OCEAN
1712,-122.32,37.97,29,2347,464,1135,490,3.9722,NEAR BAY
11815,-121.1,38.95,17,1475,403,943,363,2.1287,INLAND
9606,-120.47,37.3,40,3693,771,2102,742,2.1838,INLAND
12337,-116.52,33.84,17,4465,859,853,445,3.6875,INLAND
14882,-117.06,32.62,36,786,125,408,138,3.9167,NEAR OCEAN
2453,-119.55,36.52,31,1986,417,1042,422,3.0294,INLAND
5707,-118.23,34.21,36,2988,719,1357,657,3.5174,<1H OCEAN
160,-122.24,37.8,52,888,168,360,175,2.1944,NEAR BAY
619,-122.17,37.73,46,2163,470,925,435,3.25,NEAR BAY
20386,-118.93,34.2,17,2619,606,1655,557,3.886,<1H OCEAN
13777,-117.08,34.02,20,3111,563,1453,538,3.3365,INLAND
18549,-122.02,36.96,52,775,305,1054,305,2.0172,NEAR OCEAN
13965,-116.86,34.23,13,4760,938,309,132,5.4618,INLAND
58,-122.28,37.82,52,1387,341,1074,304,1.2171,NEAR BAY
3213,-119.65,36.34,47,1869,357,832,315,3.0846,INLAND
7176,-118.18,34.05,38,3272,731,3299,726,2.8295,<1H OCEAN
14034,-117.14,32.74,47,1494,327,689,304,3.125,NEAR OCEAN
20186,-119.14,34.28,31,790,241,1095,222,2.25,NEAR OCEAN
7284,-118.24,33.98,37,1196,364,1622,327,2.125,<1H OCEAN
14342,-117.17,32.74,39,3803,806,1567,775,3.7039,NEAR OCEAN
9707,-121.65,36.67,52,2351,459,1169,439,2.8924,<1H OCEAN
9025,-118.74,34.05,19,3487,686,2782,584,7.9184,NEAR OCEAN
16251,-121.26,37.96,43,527,133,367,152,2.5,INLAND
10270,-117.87,33.87,7,2663,642,1367,677,4.6563,<1H OCEAN
9469,-123.79,39.44,36,1330,273,761,286,2.7813,<1H OCEAN
15119,-116.93,32.85,15,3273,895,1872,842,2.5388,<1H OCEAN
4014,-118.57,34.15,22,5791,706,2059,673,10.9201,<1H OCEAN
3292,-122.7,39,18,793,148,186,59,2.3125,INLAND
5950,-117.87,34.14,30,2495,586,1139,559,2.9375,INLAND
13553,-117.31,34.11,41,1105,257,816,197,1.9375,INLAND
1813,-122.31,37.91,39,2955,696,1417,682,2.7628,NEAR BAY
12194,-117.29,33.63,7,16010,2726,7139,2426,3.8056,<1H OCEAN
16627,-120.84,35.33,15,3276,670,1520,613,3.6412,NEAR OCEAN
7325,-118.18,33.99,35,1230,407,1512,364,2.152,<1H OCEAN
19509,-121.02,37.64,42,1437,307,1035,284,2.1036,INLAND
15884,-122.4,37.73,45,3490,712,2337,781,3.4472,NEAR BAY
15122,-116.94,32.84,32,1607,253,778,262,4.5278,<1H OCEAN
11483,-118,33.73,26,2236,280,809,282,6.7395,<1H OCEAN
2271,-119.8,36.78,43,2382,431,874,380,3.5542,INLAND
7323,-118.18,33.98,24,1880,642,2646,605,2.1836,<1H OCEAN
20166,-119.29,34.44,34,4314,878,2361,831,3.2279,NEAR OCEAN
15979,-122.45,37.76,31,5283,1330,2659,1269,3.5744,NEAR BAY
4285,-118.32,34.1,30,2193,965,2197,836,1.8277,<1H OCEAN
8784,-118.31,33.78,30,4573,819,2411,819,3.5804,<1H OCEAN
19052,-121.76,38.25,32,1495,333,905,281,2.625,INLAND
2921,-119.02,35.36,48,1833,396,947,363,2.2827,INLAND
9748,-121.62,36.69,11,4712,1098,5982,1105,2.5986,<1H OCEAN
16768,-122.49,37.69,35,2576,443,1273,433,4.7391,NEAR OCEAN
19023,-121.98,38.34,18,3876,916,2386,867,2.5938,INLAND
2783,-118.18,37.35,16,3806,794,1501,714,2.1212,INLAND
10720,-117.81,33.63,17,4477,610,1798,612,8.1093,<1H OCEAN
17296,-119.53,34.41,8,1705,400,886,391,3.9659,<1H OCEAN
15200,-117.11,32.9,16,2043,388,705,352,4.4766,<1H OCEAN
10477,-117.7,33.6,16,2092,489,877,392,3.0461,<1H OCEAN
13205,-117.7,34.05,24,2834,470,1815,471,4.7357,INLAND
8534,-118.36,33.9,41,1355,349,655,329,2.9551,<1H OCEAN
10113,-117.95,33.94,31,2237,431,1135,434,4.45,<1H OCEAN
10969,-117.87,33.76,37,4943,851,2164,788,4.1071,<1H OCEAN
1759,-122.33,37.94,47,1882,361,797,342,3.5848,NEAR BAY
4545,-118.2,34.02,48,2230,593,2419,598,2.3944,<1H OCEAN
12606,-121.49,38.5,32,2364,439,1331,449,3.319,INLAND
2625,-124.1,40.73,33,644,129,334,121,3.9659,NEAR OCEAN
12435,-116.16,33.68,12,1230,277,1334,260,2.2679,INLAND
16027,-122.45,37.73,52,1350,241,752,246,3.2448,NEAR BAY
10153,-117.9,33.9,18,3821,576,1430,568,6.9399,<1H OCEAN
3800,-118.36,34.16,42,2304,442,862,429,4.3542,<1H OCEAN
2223,-119.82,36.82,28,2268,336,752,330,5.2809,INLAND
12048,-117.5,33.87,4,6755,1017,2866,850,5.0493,INLAND
4003,-118.61,34.17,31,1689,362,705,360,4,<1H OCEAN
19111,-122.64,38.23,49,2300,463,1061,429,4.075,<1H OCEAN
7793,-118.08,33.89,35,1071,290,1412,274,3.1917,<1H OCEAN
17393,-120.45,34.96,11,1299,280,1158,223,2.5556,<1H OCEAN
16340,-121.33,38.04,15,1933,280,965,260,4.6477,INLAND
3888,-118.55,34.21,35,2592,490,1427,434,5.0623,<1H OCEAN
16175,-122.39,37.74,52,126,24,37,27,10.2264,NEAR BAY
19371,-120.84,37.92,27,471,84,195,72,3.3333,INLAND
19121,-122.64,38.24,40,1974,410,1039,398,3.7917,<1H OCEAN
19887,-119.12,36.29,29,1638,323,942,322,2.1731,INLAND
18665,-121.96,36.99,23,3209,748,1423,666,2.7375,NEAR OCEAN
2496,-120.41,36.77,24,1335,312,1180,267,1.947,INLAND
3596,-118.49,34.24,34,1971,316,917,307,6.0965,<1H OCEAN
5482,-118.46,33.99,41,885,285,562,268,3.1992,<1H OCEAN
12075,-117.6,33.86,23,2949,473,1671,477,5.195,INLAND
17622,-121.94,37.26,43,2104,388,1137,403,4.9236,<1H OCEAN
7978,-118.17,33.86,44,1701,396,1091,384,3.025,<1H OCEAN
17904,-121.97,37.36,34,884,153,534,154,6.0116,<1H OCEAN
20501,-118.71,34.3,20,1586,187,699,209,6.5483,<1H OCEAN
4067,-118.47,34.15,43,804,117,267,110,8.2269,<1H OCEAN
6981,-118,33.97,30,6540,991,3124,953,6.0663,<1H OCEAN
3254,-120.14,36,33,1726,420,1371,388,2.0335,INLAND
2402,-119.34,36.62,26,1922,339,1148,332,2.6058,INLAND
8029,-118.11,33.84,36,1463,257,722,260,4.8438,<1H OCEAN
7407,-118.22,33.96,36,1542,458,1711,468,1.9028,<1H OCEAN
13704,-117.23,34.11,33,2170,500,1425,472,2.0133,INLAND
19834,-119.39,36.54,34,1590,422,1272,407,1.8068,INLAND
19656,-120.85,37.49,42,264,72,310,70,1.4063,INLAND
3334,-122.65,38.92,30,70,38,20,13,4.125,INLAND
16199,-121.27,37.95,43,557,165,573,144,1.7212,INLAND
19699,-121.62,39.09,21,2693,481,1337,435,3.8534,INLAND
6914,-117.98,33.94,36,4297,717,2038,700,5.2851,<1H OCEAN
2364,-119.59,36.72,18,1284,193,621,190,4.5375,INLAND
9030,-118.58,34.06,25,4440,693,1560,636,8.8666,<1H OCEAN
3397,-118.31,34.26,41,1297,327,733,315,3.0583,<1H OCEAN
14407,-117.25,32.77,35,2494,690,1126,624,4.0313,NEAR OCEAN
12167,-117.22,33.8,3,5284,920,2703,729,4.0717,INLAND
1857,-124.17,41.76,20,2673,538,1282,514,2.4605,NEAR OCEAN
14472,-117.22,32.85,26,1647,261,694,259,4.6875,NEAR OCEAN
14943,-116.98,32.74,17,3943,843,1995,766,2.6944,<1H OCEAN
7577,-118.22,33.89,26,266,75,252,59,2.1211,<1H OCEAN
4778,-118.33,34.04,48,2437,443,1400,426,2.628,<1H OCEAN
14205,-117.06,32.69,13,705,149,718,155,4.4375,NEAR OCEAN
260,-122.2,37.78,52,2300,443,1225,423,3.5398,NEAR BAY
20628,-121.48,39.1,19,2043,421,1018,390,2.5952,INLAND
14732,-117.02,32.81,26,1998,301,874,305,5.4544,<1H OCEAN
7224,-118.15,34.02,42,2729,725,3004,722,2.3438,<1H OCEAN
3618,-118.44,34.26,34,325,60,433,83,5.5124,<1H OCEAN
673,-122.17,37.7,24,1755,365,952,362,4,NEAR BAY
17409,-120.57,34.96,27,1401,294,1306,286,2.5809,NEAR OCEAN
19772,-122.17,39.94,32,2352,477,1316,447,2.2292,INLAND
8949,-118.46,34.02,46,2571,502,1225,501,6.0436,<1H OCEAN
16008,-122.44,37.73,43,3700,684,1488,623,5.5622,NEAR BAY
12612,-121.52,38.53,30,3377,623,1289,594,3.5737,INLAND
4735,-118.39,34.05,47,1621,314,724,311,5.7509,<1H OCEAN
15775,-122.45,37.77,52,3095,682,1269,639,3.575,NEAR BAY
11933,-117.4,33.93,35,1468,298,1168,261,2.2222,INLAND
12541,-121.49,38.56,52,1777,368,624,350,3.6729,INLAND
10066,-120.74,39.39,18,453,117,152,77,1.3523,INLAND
1323,-121.88,38.03,52,1225,250,725,231,2,INLAND
3248,-119.82,36.19,33,1293,272,694,229,2.0221,INLAND
6310,-118.02,34.04,27,5640,1001,3538,978,5.065,<1H OCEAN
10198,-117.93,33.88,52,2157,362,1001,373,5.1237,<1H OCEAN
16138,-122.46,37.78,52,4140,984,2030,892,3.4236,NEAR BAY
13775,-117.1,34.03,24,4144,826,2127,772,2.5172,INLAND
16208,-121.3,37.94,40,452,109,412,97,1.3417,INLAND
5700,-118.25,34.23,41,1979,496,1157,459,4.4083,<1H OCEAN
9111,-118.15,34.59,33,2111,429,1067,397,3.7344,INLAND
16883,-122.38,37.59,44,2089,348,837,317,4.6628,NEAR OCEAN
5394,-118.38,34.03,43,912,255,705,246,2.6402,<1H OCEAN
10143,-117.9,33.9,19,2176,414,1002,402,4.9743,<1H OCEAN
12273,-117.01,33.97,18,4775,886,1868,836,2.3355,INLAND
14890,-117.09,32.61,21,1945,430,1335,419,3.6467,NEAR OCEAN
9813,-121.92,36.61,29,3735,808,1873,757,3.1543,NEAR OCEAN
8865,-118.39,34.06,37,2975,705,1291,654,5.3316,<1H OCEAN
3873,-118.54,34.22,35,1664,300,1000,309,4.6731,<1H OCEAN
13767,-117.12,34.04,25,2495,438,1071,405,4.8173,INLAND
16455,-121.28,38.12,34,3268,640,1906,628,2.8237,INLAND
6442,-118.03,34.1,31,2647,539,1473,520,3.94,INLAND
8385,-118.36,33.98,45,1559,305,891,341,4.4038,<1H OCEAN
15201,-117.11,32.91,15,1840,235,855,241,7.5992,<1H OCEAN
2577,-124.13,40.79,32,2017,359,855,346,3.5833,NEAR OCEAN
8089,-118.21,33.81,43,905,199,764,204,3.3214,NEAR OCEAN
16691,-120.61,35.13,16,3431,721,1777,701,2.7301,<1H OCEAN
18735,-122.4,40.51,20,1750,352,834,340,2.485,INLAND
6846,-118.11,34.06,18,2609,721,2221,703,2.3224,<1H OCEAN
14201,-117.02,32.71,30,3187,592,2082,631,3.5388,NEAR OCEAN
1636,-122.18,37.91,31,7200,876,2428,843,10.9405,NEAR BAY
10977,-117.85,33.76,33,1866,327,1053,371,4.5461,<1H OCEAN
19883,-119.19,36.34,33,2199,403,1245,394,2.73,INLAND
2530,-122.2,39.52,39,2551,482,1181,437,2.0625,INLAND
17826,-121.89,37.38,3,4778,1047,2522,990,5.7695,<1H OCEAN
5796,-118.24,34.14,28,1843,554,1402,512,2.462,<1H OCEAN
6453,-118.06,34.12,25,3891,848,1848,759,3.6639,INLAND
10800,-117.94,33.62,28,1765,390,832,349,6.5928,<1H OCEAN
499,-122.27,37.85,50,1279,300,675,255,1.9028,NEAR BAY
6614,-118.1,34.17,46,1774,315,753,330,4.7241,INLAND
19147,-122.69,38.35,12,1550,187,685,188,7.226,<1H OCEAN
2266,-119.82,36.79,35,1474,291,709,294,2.6522,INLAND
18539,-122,36.97,30,1029,242,753,249,3.1205,NEAR OCEAN
18374,-121.86,37.23,24,4337,670,1936,652,5.8904,<1H OCEAN
18717,-122.42,40.6,5,2614,433,1275,411,3.4464,INLAND
19952,-119.34,36.22,38,2708,460,1260,455,3.0905,INLAND
10225,-117.89,33.87,32,1133,216,693,228,3.3594,<1H OCEAN
16589,-121.43,37.74,52,994,258,623,264,1.725,INLAND
10674,-117.86,33.63,17,3095,551,1175,534,5.3099,<1H OCEAN
59,-122.29,37.82,2,158,43,94,57,2.5625,NEAR BAY
2526,-122.19,39.53,34,2679,533,1287,505,2.165,INLAND
1500,-122.04,37.94,24,5732,873,2444,888,5.6292,NEAR BAY
16167,-122.51,37.78,45,2564,499,1056,460,4.7328,NEAR BAY
3673,-118.39,34.22,40,712,149,533,155,3.695,<1H OCEAN
8892,-118.5,34.02,35,2914,934,1334,870,2.9934,<1H OCEAN
5983,-117.71,34.12,20,11250,1893,4952,1859,5.6785,INLAND
15908,-122.42,37.74,52,1916,432,889,424,4.0391,NEAR BAY
7994,-118.15,33.85,36,1435,249,606,234,4.1439,<1H OCEAN
4410,-118.25,34.09,52,2050,429,957,418,3.5603,<1H OCEAN
207,-122.22,37.79,37,2343,574,1608,523,2.1494,NEAR BAY
7361,-118.18,33.97,26,6895,1877,8551,1808,2.3175,<1H OCEAN
20484,-118.72,34.28,17,3051,,1705,495,5.7376,<1H OCEAN
15748,-122.44,37.77,52,2705,647,1355,628,2.0161,NEAR BAY
15117,-116.95,32.83,14,12517,2506,6389,2333,3.3081,<1H OCEAN
17897,-121.93,37.35,36,1823,410,1589,387,3.1065,<1H OCEAN
19461,-120.99,37.69,25,2773,384,1060,381,6.4788,INLAND
14655,-117.14,32.8,35,1267,212,710,204,2.5368,NEAR OCEAN
17883,-122,37.39,33,2154,405,1655,434,5.7962,<1H OCEAN
2443,-119.63,36.58,22,1794,435,1127,359,1.2647,INLAND
18781,-122.29,40.39,17,1682,332,887,316,1.8438,INLAND
14968,-117.01,32.75,26,4038,706,2065,687,3.9545,<1H OCEAN
2014,-119.79,36.72,19,1719,391,1369,368,1.25,INLAND
3124,-117.82,35.03,30,2555,510,1347,467,3.3693,INLAND
9831,-121.93,36.63,28,3983,852,1582,778,3.5147,NEAR OCEAN
1281,-121.81,38.01,47,1942,430,1074,393,2.2361,INLAND
6548,-118.02,34.05,28,991,255,1145,265,2.3611,<1H OCEAN
9019,-118.78,34.16,9,30405,4093,12873,3931,8.0137,NEAR OCEAN
5898,-118.3,34.17,16,1353,398,1211,357,3.1551,<1H OCEAN
645,-122.13,37.72,26,2862,394,1030,397,7.912,NEAR BAY
16017,-122.46,37.72,52,2951,406,1115,397,6.7228,NEAR OCEAN
19038,-122,38.36,34,2735,539,1390,491,2.7262,INLAND
3368,-120.2,40.26,26,2399,518,1037,443,2.6765,INLAND
2131,-119.71,36.8,17,1415,267,861,293,3.25,INLAND
15073,-116.99,32.8,34,3657,538,1513,562,5.2907,<1H OCEAN
2254,-119.81,36.8,29,2806,552,1242,540,3.5958,INLAND
3988,-118.65,34.18,27,1793,339,1016,326,4.925,<1H OCEAN
15101,-116.97,32.83,17,6659,1402,3183,1378,2.949,<1H OCEAN
5758,-118.28,34.17,22,2664,651,1553,629,3.6354,<1H OCEAN
5589,-118.3,33.79,9,2782,884,1790,748,2.9154,<1H OCEAN
17727,-121.8,37.32,14,4412,924,2698,891,4.7027,<1H OCEAN
8648,-118.4,33.87,45,2181,505,965,471,5.3816,<1H OCEAN
18643,-121.99,36.98,19,5613,1321,3018,1268,3.1914,NEAR OCEAN
19806,-123.41,40.07,17,449,151,141,53,0.8362,INLAND
19028,-122.01,38.37,16,3996,550,1673,539,5.778,INLAND
9046,-118.1,34.65,33,873,177,425,142,2.67,INLAND
15268,-117.33,33.03,31,1171,321,603,267,2.8611,NEAR OCEAN
4409,-118.23,34.09,45,1747,484,1680,441,2.6051,<1H OCEAN
13606,-117.27,34.17,16,30,3,49,8,4.625,INLAND
2194,-120.02,36.8,25,1270,255,1050,245,2.1618,INLAND
18170,-122.02,37.36,25,2074,387,1273,383,4.7609,<1H OCEAN
15634,-122.41,37.8,52,1866,748,2957,710,1.8295,NEAR BAY
2438,-119.62,36.59,17,2287,390,1330,393,4.0197,INLAND
14760,-117.06,32.56,5,2706,925,3148,855,1.7301,NEAR OCEAN
1420,-122.06,37.99,16,2445,469,721,474,2.8043,NEAR BAY
1647,-121.82,37.81,12,4711,659,2089,621,8.3209,INLAND
18187,-122.02,37.38,43,1261,317,836,333,4.0911,<1H OCEAN
9520,-123.2,39.14,17,1620,396,878,399,1.8042,<1H OCEAN
7166,-118.18,34.05,41,389,102,455,107,2.7031,<1H OCEAN
9100,-117.92,34.59,7,681,125,485,104,2.7396,INLAND
1736,-122.32,37.97,33,1156,190,643,209,4.5,NEAR BAY
699,-122.12,37.69,10,2227,560,1140,472,2.3973,NEAR BAY
15237,-117.26,32.95,22,5484,1227,1947,1012,4.4375,NEAR OCEAN
19478,-120.97,37.66,19,1974,393,799,377,3.1286,INLAND
136,-122.19,37.83,29,1791,271,661,269,6.8538,NEAR BAY
6696,-118.1,34.14,45,3066,659,1287,625,3.5804,<1H OCEAN
5056,-118.35,34.02,34,5218,1576,3538,1371,1.5143,<1H OCEAN
9859,-121.86,36.6,31,1044,285,762,301,3.038,<1H OCEAN
4671,-118.29,34.05,11,677,370,1143,341,2.3864,<1H OCEAN
10672,-117.85,33.61,14,4340,741,1505,670,7.5674,<1H OCEAN
17323,-120.14,34.59,24,1601,282,731,285,4.2026,NEAR OCEAN
18798,-122.07,40.95,14,2721,627,1356,468,3.0299,INLAND
7818,-118.11,33.9,35,1323,269,1084,240,5.0753,<1H OCEAN
7429,-118.21,33.95,35,2134,650,2248,587,2.2988,<1H OCEAN
16565,-121.46,37.73,20,2039,373,862,330,5.1629,INLAND
5754,-118.28,34.18,47,2243,339,911,319,7.4046,<1H OCEAN
3377,-118.29,34.25,19,1988,594,1399,527,2.4727,<1H OCEAN
14111,-117.1,32.74,14,2361,601,1831,526,1.6102,NEAR OCEAN
4361,-118.36,34.08,45,2195,483,1265,455,3.3864,<1H OCEAN
17016,-122.28,37.52,29,1526,355,724,315,4.0313,NEAR OCEAN
8905,-118.47,34.03,32,3024,784,1323,740,3.3889,<1H OCEAN
10279,-117.82,33.89,24,2168,421,1050,397,4.6172,<1H OCEAN
8183,-118.09,33.79,36,4210,657,1911,631,5.8491,<1H OCEAN
9117,-118.13,34.58,29,2370,475,1746,483,3.7464,INLAND
17715,-121.8,37.35,15,2781,498,1389,475,5.614,<1H OCEAN
14897,-117.07,32.59,21,1779,466,1327,488,1.6007,NEAR OCEAN
2005,-119.8,36.74,25,1717,542,1343,471,0.799,INLAND
20482,-118.72,34.28,17,2654,478,1392,451,5.4459,<1H OCEAN
10982,-117.83,33.75,22,6433,1174,2703,1125,4.9957,<1H OCEAN
2079,-119.81,36.75,52,1827,356,855,353,1.7636,INLAND
11196,-117.93,33.84,34,2160,298,852,305,6.0531,<1H OCEAN
19691,-121.62,39.12,35,2787,587,1431,601,2.5469,INLAND
2685,-115.54,32.97,41,2429,454,1188,430,3.0091,INLAND
17197,-119.76,34.44,28,1985,582,1092,548,2.4701,NEAR OCEAN
5176,-118.27,33.95,29,1579,351,1056,322,2.3056,<1H OCEAN
14445,-117.26,32.81,30,1328,346,577,328,2.3284,NEAR OCEAN
4701,-118.34,34.07,52,3175,1057,1594,997,3.1766,<1H OCEAN
929,-122.03,37.55,26,3087,532,1597,483,4.9118,NEAR BAY
14285,-117.13,32.72,19,1341,435,1048,360,1.975,NEAR OCEAN
19475,-120.96,37.67,17,2434,511,1558,546,2.9219,INLAND
9739,-121.75,36.76,32,1740,399,1563,389,2.7694,<1H OCEAN
1489,-122.02,37.95,25,1205,260,608,272,2.4519,NEAR BAY
17806,-121.87,37.38,16,3275,529,1863,527,5.5429,<1H OCEAN
10382,-117.65,33.62,15,2708,410,1140,389,6.2899,<1H OCEAN
1319,-121.88,38.03,10,2769,619,1045,469,4.1111,INLAND
14792,-117.11,32.57,32,2723,586,1702,562,3.3371,NEAR OCEAN
4688,-118.35,34.07,45,3312,880,1157,809,3.5719,<1H OCEAN
7327,-118.17,33.97,31,3388,1059,3558,957,2.4049,<1H OCEAN
5864,-118.34,34.18,45,3046,633,1448,599,3.24,<1H OCEAN
7648,-118.27,33.82,39,1357,249,763,229,4.25,<1H OCEAN
4603,-118.32,34.07,52,2156,306,861,311,8.8062,<1H OCEAN
3137,-117.65,35,36,1184,316,672,241,1.9107,INLAND
3503,-118.44,34.27,29,1701,419,1616,371,3.3603,<1H OCEAN
1337,-121.87,38,17,2713,442,1475,415,4.8542,INLAND
5843,-118.32,34.19,37,589,119,375,122,3.3897,<1H OCEAN
2176,-119.85,36.76,10,2067,450,845,354,1.8214,INLAND
10167,-117.94,33.89,30,2577,404,1076,374,6.7528,<1H OCEAN
16919,-122.34,37.57,28,3751,949,1691,846,3.9728,NEAR OCEAN
7366,-118.21,33.96,38,2090,519,1871,504,2.4688,<1H OCEAN
5756,-118.29,34.18,52,1602,265,667,251,5.049,<1H OCEAN
17587,-121.92,37.3,36,2088,358,772,347,4.2762,<1H OCEAN
9836,-121.89,36.63,20,1834,554,971,514,3.0383,<1H OCEAN
18953,-122.06,38.25,34,1562,289,898,307,3.3598,INLAND
4219,-118.28,34.11,45,1607,331,633,332,3.1445,<1H OCEAN
4936,-118.27,34,43,1258,381,1276,358,1.8917,<1H OCEAN
20630,-121.32,39.29,11,2640,505,1257,445,3.5673,INLAND
15713,-122.44,37.78,52,2695,657,1243,573,2.8569,NEAR BAY
15353,-117.31,33.25,13,3075,630,1843,674,2.8558,<1H OCEAN
5932,-117.83,34.15,20,2421,306,1023,298,8.0683,INLAND
3125,-117.76,35.22,4,18,3,8,6,1.625,INLAND
17306,-119.55,34.38,17,1951,368,681,350,2.7275,<1H OCEAN
10937,-117.89,33.74,32,660,145,959,113,3.75,<1H OCEAN
3815,-118.49,34.21,25,1131,449,746,420,1.3565,<1H OCEAN
14728,-117.02,32.8,29,1232,243,665,247,3.65,<1H OCEAN
5997,-117.73,34.08,33,1350,265,1251,257,2.9063,INLAND
3372,-118.29,34.26,33,3177,713,1845,612,4.008,<1H OCEAN
14392,-117.24,32.75,36,2831,669,1279,660,2.9896,NEAR OCEAN
150,-122.22,37.81,52,2024,339,756,340,4.072,NEAR BAY
18383,-121.8,37.19,45,1797,303,870,281,4.5417,<1H OCEAN
14050,-117.13,32.76,33,1591,461,794,425,2.6333,NEAR OCEAN
13137,-121.44,38.47,5,5666,1178,3139,1131,3.3608,INLAND
7141,-118.13,34.03,31,4267,1070,3176,1071,3.0212,<1H OCEAN
3000,-119.03,35.3,10,829,146,447,173,4.1484,INLAND
2637,-124.14,40.6,27,1148,206,521,219,4.025,NEAR OCEAN
10742,-117.91,33.61,38,1232,178,410,171,11.075,<1H OCEAN
10777,-117.91,33.65,24,885,321,590,254,2.625,<1H OCEAN
3880,-118.51,34.21,36,2396,421,1064,398,4.7,<1H OCEAN
9290,-122.53,38.01,16,1495,292,472,284,3.4432,NEAR BAY
8311,-118.12,33.77,10,7264,1137,2528,1057,10.2233,NEAR OCEAN
6853,-118.16,34.07,42,3836,777,2118,754,3.6364,<1H OCEAN
19766,-122.1,40.03,25,2516,,1266,494,1.7566,INLAND
4310,-118.32,34.09,30,1871,766,2595,819,2.0044,<1H OCEAN
20384,-118.94,34.18,24,3689,585,1898,581,5.9224,<1H OCEAN
10514,-117.69,33.52,3,7374,1444,3214,1279,4.538,<1H OCEAN
11919,-117.42,33.95,32,4251,848,2494,798,2.8173,INLAND
9110,-118.12,34.6,33,2189,497,1459,443,2.3958,INLAND
10189,-117.96,33.87,37,1785,360,1155,403,4.7984,<1H OCEAN
12831,-121.44,38.68,19,2476,534,1355,463,2.0625,INLAND
6294,-117.9,34.01,27,1702,381,2091,352,3.7917,<1H OCEAN
10194,-117.93,33.86,36,1672,318,1173,337,4.5774,<1H OCEAN
11059,-117.87,33.78,21,2487,573,1515,494,4.3039,<1H OCEAN
4536,-118.21,34.03,52,497,132,547,121,2.2083,<1H OCEAN
15019,-117.02,32.78,33,3481,708,1726,719,3.3675,<1H OCEAN
14405,-117.28,32.77,38,1267,340,442,250,4.3403,NEAR OCEAN
19940,-119.29,36.28,23,1895,340,749,313,2.2333,INLAND
19636,-120.96,37.51,30,1288,237,720,233,2.3864,INLAND
12677,-121.39,38.56,19,8507,1470,3517,1453,4.3644,INLAND
7709,-118.14,33.95,42,1413,228,630,219,6.8564,<1H OCEAN
3186,-119.79,36.29,6,1265,227,764,246,4.2917,INLAND
14418,-117.24,32.79,18,1741,602,508,283,3.2625,NEAR OCEAN
1926,-120.3,38.9,11,1961,435,113,53,0.9227,INLAND
1243,-122.13,39,23,3832,774,2435,747,2.2754,INLAND
12248,-117.01,33.75,15,2873,903,1094,659,1.8015,INLAND
8182,-118.1,33.8,37,1814,329,850,328,5.0574,<1H OCEAN
7420,-118.2,33.96,43,1233,306,1190,282,2.8371,<1H OCEAN
17187,-122.38,37.34,33,1054,209,400,161,7.7773,NEAR OCEAN
1873,-119.97,38.94,26,1485,334,406,180,1.9667,INLAND
14117,-117.11,32.73,34,1096,221,574,223,3.8355,NEAR OCEAN
8717,-118.36,33.84,22,11016,3170,6664,2838,3.703,<1H OCEAN
13586,-117.28,34.12,47,2456,611,1653,512,1.3973,INLAND
1392,-122.1,37.96,20,3796,650,1679,611,4.3571,NEAR BAY
15409,-117.24,33.22,20,1962,334,1173,349,4.1316,<1H OCEAN
5432,-118.41,34.02,19,4702,1472,2636,1334,3.3955,<1H OCEAN
11787,-121.24,38.79,15,2615,485,1063,428,3.7904,INLAND
11755,-121.2,38.73,11,4897,636,1931,616,7.7499,INLAND
19905,-119.27,36.32,6,2881,518,1432,504,4.0806,INLAND
12483,-121.5,38.57,9,745,175,297,160,3.358,INLAND
1142,-121.6,39.68,15,1677,345,844,330,2.3958,INLAND
18440,-121.81,37.24,21,3250,610,1978,568,4.5,<1H OCEAN
3981,-118.6,34.19,16,14912,4183,5105,3302,2.8312,<1H OCEAN
2695,-115.37,32.81,23,1458,294,866,275,2.3594,INLAND
18739,-122.35,40.54,17,2280,453,976,434,2.71,INLAND
15354,-117.32,33.25,7,2499,420,1314,398,4.85,<1H OCEAN
11159,-118.01,33.82,31,1960,380,1356,356,4.0625,<1H OCEAN
3491,-118.47,34.27,33,1549,264,881,289,5.1408,<1H OCEAN
4531,-118.21,34.04,43,1502,477,1844,477,1.9405,<1H OCEAN
6420,-117.98,34.14,27,6341,1289,2899,1192,3.6336,INLAND
15759,-122.44,37.77,52,2994,736,1428,700,3.0766,NEAR BAY
19530,-120.98,37.64,45,1913,335,839,333,3.1397,INLAND
7210,-118.17,34.03,43,1636,506,1855,502,2.2902,<1H OCEAN
13206,-117.71,34.06,16,1458,295,912,331,3.625,INLAND
11738,-121.07,38.9,52,1280,281,523,266,1.7375,INLAND
8670,-118.37,33.82,32,2815,607,1338,609,4.5687,<1H OCEAN
8307,-118.14,33.71,36,2484,525,792,446,5.1815,NEAR OCEAN
2040,-119.67,36.73,27,2845,417,1219,460,4.9196,INLAND
6531,-118.07,34.07,31,1370,284,1062,277,3.5156,<1H OCEAN
15614,-122.41,37.81,25,1178,545,592,441,3.6728,NEAR BAY
15458,-117.26,33.18,9,4540,793,2235,746,4.5781,NEAR OCEAN
3099,-117.68,35.65,15,2701,576,1245,513,3.3269,INLAND
9908,-122.3,38.32,20,2063,486,1045,460,2.5035,NEAR BAY
6716,-118.15,34.13,30,2763,520,1143,465,4.7298,<1H OCEAN
10746,-117.88,33.63,21,9565,2289,3162,1831,4.7024,<1H OCEAN
15688,-122.43,37.79,52,3486,847,1248,813,7.2623,NEAR BAY
13635,-117.32,34.09,38,1585,345,1347,368,2.375,INLAND
19984,-119.33,36.19,27,418,163,332,141,1.0714,INLAND
6361,-117.97,34.13,33,2038,473,1546,469,3.4777,INLAND
10669,-117.86,33.62,23,3166,411,1092,345,7.9367,<1H OCEAN
15649,-122.41,37.79,52,2161,544,904,431,3.5066,NEAR BAY
3657,-118.4,34.21,30,2453,544,1753,506,2.9803,<1H OCEAN
8351,-118.32,33.95,43,3819,708,1505,712,3.1719,<1H OCEAN
9793,-121.82,36.54,22,1746,363,886,364,5.5469,<1H OCEAN
8879,-118.5,34.04,52,2233,317,769,277,8.3839,<1H OCEAN
6412,-118.02,34.12,38,1778,288,870,281,6.5784,INLAND
6184,-117.92,34.09,35,1810,318,1164,332,5.0123,<1H OCEAN
12107,-117.32,33.99,27,5464,850,2400,836,4.711,INLAND
7924,-118.08,33.84,31,2377,600,2042,593,3.625,<1H OCEAN
2038,-119.69,36.74,17,2438,598,1563,538,1.5449,INLAND
11518,-118.06,33.72,22,4311,531,1426,533,9.8177,NEAR OCEAN
1012,-121.77,37.68,44,495,112,277,109,2.6667,INLAND
15039,-117,32.77,35,2114,317,881,320,5.5,<1H OCEAN
17042,-122.28,37.5,33,6499,998,2694,957,7.4787,NEAR OCEAN
18288,-122.11,37.38,36,3598,500,1296,533,7.8177,NEAR BAY
19287,-122.77,38.39,35,2611,475,1293,463,2.75,<1H OCEAN
14767,-117.1,32.58,29,1061,202,759,206,4.8646,NEAR OCEAN
6830,-118.11,34.07,46,1130,229,698,209,5.2719,<1H OCEAN
17555,-121.87,37.33,37,3137,685,2048,651,3.0156,<1H OCEAN
15082,-116.94,32.8,28,3042,729,1964,703,2.4141,<1H OCEAN
3180,-119.78,36.31,14,1287,291,737,269,3.1667,INLAND
16659,-120.67,35.3,32,4202,986,2309,956,2.2165,NEAR OCEAN
11430,-117.97,33.66,22,3914,600,1871,607,5.8541,<1H OCEAN
15525,-117.05,33.14,16,4552,1166,2737,1051,2.25,<1H OCEAN
10188,-117.96,33.87,27,890,289,416,200,3.141,<1H OCEAN
19650,-120.88,37.52,2,1871,409,707,256,2.6103,INLAND
16960,-122.3,37.53,43,1748,366,984,371,4.5116,NEAR OCEAN
8118,-118.18,33.8,42,2301,621,2114,561,2.0579,NEAR OCEAN
19171,-122.66,38.44,17,5815,898,2614,887,4.3657,<1H OCEAN
18412,-121.8,37.26,18,3631,947,2357,757,2.875,<1H OCEAN
12311,-116.72,33.56,13,3166,682,1250,475,2.355,INLAND
3343,-122.64,38.71,20,531,126,231,96,2.625,INLAND
6511,-118.06,34.07,30,2308,674,3034,691,2.3929,<1H OCEAN
11741,-121.13,38.87,48,1127,,530,186,3.0917,INLAND
2641,-124.09,40.55,24,2978,553,1370,480,2.7644,<1H OCEAN
5883,-118.34,34.17,52,1133,212,545,222,4.875,<1H OCEAN
6604,-118.17,34.18,38,1280,231,828,237,4.375,<1H OCEAN
7718,-118.13,33.95,24,6662,1852,3792,1735,3.1104,<1H OCEAN
5051,-118.34,34.01,35,1359,359,655,341,2.5568,<1H OCEAN
19469,-120.99,37.68,28,3269,647,1595,617,2.2336,INLAND
12458,-114.62,33.62,26,18,3,5,3,0.536,INLAND
167,-122.25,37.8,29,2468,864,1335,773,1.3929,NEAR BAY
6944,-118.09,33.98,37,1270,272,1092,274,3.5,<1H OCEAN
16207,-121.31,37.94,41,375,108,323,98,1.9531,INLAND
20117,-120.39,37.96,10,2554,501,922,439,2.1094,INLAND
11213,-117.91,33.81,18,1181,353,781,340,2.5625,<1H OCEAN
13257,-117.65,34.11,28,2788,370,1140,385,5.3368,INLAND
8495,-118.3,33.89,30,2756,858,1806,787,3.0329,<1H OCEAN
19659,-120.85,37.51,5,2899,745,1593,633,2.2292,INLAND
15939,-122.41,37.73,33,2789,567,1682,552,3.8643,NEAR BAY
5293,-118.43,34.07,38,3251,656,1251,593,7.7382,<1H OCEAN
11043,-117.83,33.82,26,3259,456,1354,459,5.7817,<1H OCEAN
18893,-122.23,38.13,29,5154,1084,2459,1019,3.2664,NEAR BAY
17441,-120.45,34.66,7,3329,504,1462,452,4.7875,NEAR OCEAN
16344,-121.33,38.04,10,1421,204,657,209,5.1878,INLAND
3161,-118.85,35.23,26,1639,352,1222,395,1.7656,INLAND
17518,-121.91,37.34,35,2189,607,1193,562,2.8042,<1H OCEAN
6460,-118.05,34.1,36,1606,318,889,294,4.7931,INLAND
6521,-118.03,34.06,24,2343,834,3537,824,2.1094,<1H OCEAN
1167,-121.56,39.51,46,1885,385,871,347,1.6352,INLAND
1924,-120.71,38.85,8,1877,479,884,323,3.4688,INLAND
16805,-122.41,37.66,32,1385,356,1096,353,4.475,NEAR OCEAN
18869,-122.22,38.1,44,3013,563,1353,512,3.4559,NEAR BAY
13730,-117.18,34.04,41,1766,288,753,278,4.9125,INLAND
12631,-121.5,38.49,32,4013,725,2032,675,3.3689,INLAND
9948,-122.33,38.21,33,2017,370,949,342,4.625,NEAR BAY
18686,-121.76,37,21,1416,269,779,200,3.1987,<1H OCEAN
7874,-118.14,33.89,33,1250,276,866,268,4.1708,<1H OCEAN
15167,-117.05,32.95,17,4814,1091,3013,1078,3.2369,<1H OCEAN
10145,-117.9,33.91,33,4181,804,2049,834,4.3103,<1H OCEAN
19730,-121.51,38.79,29,1716,323,850,282,2.9324,INLAND
17372,-120.42,34.96,20,1678,307,840,316,4.4342,<1H OCEAN
9366,-122.52,37.94,18,1804,284,600,241,5.9582,NEAR BAY
8123,-118.18,33.8,30,2734,758,2951,691,1.7689,NEAR OCEAN
15441,-117.22,33.19,16,3004,656,1948,606,2.7019,<1H OCEAN
6507,-118.07,34.08,38,2462,553,1843,538,3.2312,<1H OCEAN
2889,-118.99,35.39,52,2805,573,1325,522,2.5083,INLAND
19400,-120.95,37.74,18,3453,666,1958,601,3.0043,INLAND
1381,-122.11,38,9,3424,583,1460,543,5.76,NEAR BAY
11178,-117.96,33.83,29,1194,176,474,170,6.1001,<1H OCEAN
14695,-117.11,32.78,16,2220,512,930,527,3.6528,NEAR OCEAN
4104,-118.35,34.13,39,1610,278,511,278,4.3333,<1H OCEAN
18588,-122.25,37.08,20,1201,282,601,234,2.5556,NEAR OCEAN
20111,-120.2,37.8,30,1189,255,446,165,3.4838,INLAND
10690,-117.71,33.61,25,3004,718,891,626,2.395,<1H OCEAN
1786,-122.35,37.93,19,1334,366,1048,316,1.7865,NEAR BAY
7124,-118.03,33.9,36,1143,193,826,188,5.3184,<1H OCEAN
3445,-118.41,34.25,36,1146,259,1173,272,3.6016,<1H OCEAN
4659,-118.31,34.05,35,1692,423,1578,406,2.5313,<1H OCEAN
3029,-119.47,35.13,44,4599,877,2140,831,2.9952,INLAND
15172,-117.06,33.04,17,1785,255,667,277,5.7382,<1H OCEAN
18545,-122.04,36.97,40,1193,227,570,204,4.4659,NEAR OCEAN
14210,-117.07,32.68,18,1475,267,1149,268,5.0827,NEAR OCEAN
13990,-117.16,34.9,16,1579,327,934,298,2.7305,INLAND
3157,-118.91,35.3,28,1793,358,1233,351,2.7845,INLAND
13127,-121.31,38.28,16,1708,391,687,378,1.9485,INLAND
11739,-121.15,38.89,20,2024,313,879,309,5.2903,INLAND
9865,-121.83,36.61,27,5665,1281,3612,1191,3.0542,<1H OCEAN
1018,-121.79,37.67,26,2163,339,947,346,6.0797,INLAND
99,-122.26,37.82,37,3633,1085,1838,980,2.6104,NEAR BAY
2382,-119.41,36.68,18,1802,332,945,292,3.4044,INLAND
17772,-121.85,37.36,15,3148,1116,3556,1037,3.0466,<1H OCEAN
19214,-122.7,38.45,26,2011,557,855,530,1.125,<1H OCEAN
20440,-118.77,34.24,6,16222,2309,6700,2080,6.4963,<1H OCEAN
18552,-122.04,36.96,32,1438,306,802,293,4.1964,NEAR OCEAN
18990,-121.99,38.48,17,1824,348,934,305,4.6719,INLAND
16730,-119.93,35.2,29,1649,342,671,264,3.0602,INLAND
19796,-123.18,40.58,18,1451,278,695,254,1.7262,INLAND
6775,-118.15,34.12,52,1518,344,725,296,3.4018,<1H OCEAN
12851,-121.37,38.68,29,3757,646,2022,611,3.5429,INLAND
8666,-118.43,33.83,19,6206,1611,2455,1472,5.145,NEAR OCEAN
19890,-119.15,36.29,18,1435,,657,254,2.4281,INLAND
8278,-118.16,33.78,29,3684,1301,3891,1143,1.6955,NEAR OCEAN
7287,-118.22,33.98,30,1971,645,2650,605,2.0357,<1H OCEAN
14783,-117.09,32.56,8,864,156,626,172,4.8984,NEAR OCEAN
16936,-122.32,37.56,49,2016,299,691,288,5.549,NEAR OCEAN
19815,-119.28,36.54,33,1470,330,1222,301,1.8163,INLAND
5412,-118.44,34.01,41,1309,221,534,228,5.1708,<1H OCEAN
9531,-120.46,37.51,22,2704,497,1432,399,2.9,INLAND
10137,-117.89,33.91,33,1264,224,527,227,3.7321,<1H OCEAN
8051,-118.18,33.84,35,1415,294,591,291,2.9798,NEAR OCEAN
17390,-120.44,34.96,29,2374,562,1617,463,2.6531,<1H OCEAN
17569,-121.94,37.33,37,818,269,576,261,2.1902,<1H OCEAN
3792,-118.37,34.16,10,2606,748,1373,680,3.6128,<1H OCEAN
8771,-118.34,33.8,34,1730,427,1008,393,3.9408,<1H OCEAN
1683,-122.31,38,26,3735,641,1708,633,4.621,NEAR BAY
8868,-118.4,34.06,47,3652,967,1438,887,3.6964,<1H OCEAN
12461,-121.43,38.58,35,5298,954,1933,918,3.9167,INLAND
13363,-117.64,33.99,29,1005,152,513,149,2.4375,INLAND
15372,-117.24,33.38,16,2792,525,1696,516,3.668,<1H OCEAN
3144,-118.19,35.05,14,2992,573,1631,526,3.7452,INLAND
19920,-119.33,36.32,16,3331,839,1955,763,1.6148,INLAND
13618,-117.27,34.13,36,3337,687,2388,589,2.9628,INLAND
7348,-118.16,33.97,39,1444,447,1890,416,2.1181,<1H OCEAN
4242,-118.33,34.11,38,3495,1100,1939,994,2.2148,<1H OCEAN
13099,-121.38,38.47,4,14418,2282,6578,2140,4.5604,INLAND
6349,-117.94,34.15,33,859,144,421,138,4.4821,INLAND
14394,-117.24,32.75,41,1989,514,1015,489,2.79,NEAR OCEAN
7192,-118.18,34.03,26,859,255,835,232,1.1929,<1H OCEAN
8340,-118.32,33.94,37,2740,504,1468,479,4.5368,<1H OCEAN
7682,-118.1,33.93,33,1474,325,1205,335,3.1397,<1H OCEAN
1144,-121.41,39.72,17,1583,331,730,306,2.3895,INLAND
17135,-122.16,37.46,45,2068,348,844,366,6.227,NEAR BAY
5496,-118.41,34,35,684,161,381,159,2.8393,<1H OCEAN
15873,-122.41,37.76,52,2605,678,2071,611,3.2964,NEAR BAY
4743,-118.36,34.05,42,1372,,674,271,2.8793,<1H OCEAN
3007,-119.01,35.24,6,80,16,66,21,3.125,INLAND
13266,-117.68,34.09,22,1547,334,773,316,2.9812,INLAND
19332,-122.91,38.46,18,2021,,912,329,4.5,<1H OCEAN
11988,-117.51,34,36,3791,746,2258,672,3.2067,INLAND
15725,-122.44,37.78,44,1545,334,561,326,3.875,NEAR BAY
14060,-117.12,32.75,37,2344,546,1134,513,2.4394,NEAR OCEAN
5117,-118.28,33.96,34,2074,562,1913,514,1.6156,<1H OCEAN
12391,-116.41,33.74,25,2475,476,910,387,3.3639,INLAND
6645,-118.15,34.17,36,930,280,1024,300,1.0846,<1H OCEAN
12414,-116.21,33.75,22,894,,830,202,3.0673,INLAND
16495,-120.99,37.8,32,2564,513,1198,459,2.9083,INLAND
3499,-118.45,34.27,35,1579,300,1012,265,5.1296,<1H OCEAN
12022,-117.5,33.96,12,7923,1470,4861,1385,4.2985,INLAND
15877,-122.41,37.75,52,1892,415,1442,371,4.2891,NEAR BAY
7768,-118.09,33.91,14,2369,604,1546,464,3.7969,<1H OCEAN
3639,-118.44,34.22,41,1030,214,664,223,3.8083,<1H OCEAN
3840,-118.44,34.18,36,2077,496,1206,528,2.2326,<1H OCEAN
18205,-122.05,37.38,29,1875,340,816,350,5.4351,<1H OCEAN
9197,-119.65,37.09,17,1280,254,707,267,3.55,INLAND
18290,-122.11,37.37,49,1068,190,410,171,7.2045,NEAR BAY
4935,-118.27,34,43,1638,434,1213,390,1.3403,<1H OCEAN
16903,-122.36,37.59,20,2638,854,1352,718,3.5125,NEAR OCEAN
10439,-117.6,33.45,4,2369,566,996,435,5.4031,NEAR OCEAN
6476,-118.08,34.09,34,1823,457,1485,401,3.7222,<1H OCEAN
4860,-118.3,34.02,31,1933,478,1522,423,1.5781,<1H OCEAN
5248,-118.43,34.08,46,778,90,238,93,15.0001,<1H OCEAN
17882,-122.01,37.4,24,1297,297,441,282,3.1439,<1H OCEAN
11331,-117.94,33.75,30,5268,1093,4480,1050,4.015,<1H OCEAN
4995,-118.3,33.99,47,2637,588,1903,521,1.8317,<1H OCEAN
720,-122.1,37.68,37,2116,503,1109,448,2.535,NEAR BAY
17969,-121.97,37.32,19,4620,1404,2672,1308,3.699,<1H OCEAN
11256,-117.98,33.81,18,3751,878,2281,815,3.7201,<1H OCEAN
16802,-122.42,37.66,41,2189,414,1063,409,4.7361,NEAR OCEAN
13134,-121.43,38.46,18,1378,235,818,262,4.0625,INLAND
8348,-118.32,33.94,36,1153,224,639,226,4,<1H OCEAN
18878,-122.24,38.07,13,5451,1194,2957,1081,2.6098,NEAR BAY
639,-122.15,37.72,47,1190,251,540,266,3.375,NEAR BAY
18916,-122.23,38.14,36,1412,260,792,268,2.3056,NEAR BAY
16879,-122.39,37.6,34,707,,381,156,4.375,NEAR OCEAN
7182,-118.19,34.04,39,1074,323,1613,308,2.3015,<1H OCEAN
15203,-117.08,32.93,5,14944,2490,6600,2407,6.0857,<1H OCEAN
229,-122.19,37.79,50,968,195,462,184,2.9844,NEAR BAY
3111,-117.68,35.62,30,2994,741,1481,581,2.1458,INLAND
1220,-120.76,38.12,7,7188,1288,3175,1115,3.8488,INLAND
2749,-115.56,32.76,15,1278,217,653,185,4.4821,INLAND
16009,-122.45,37.74,38,5688,930,2263,908,6.203,NEAR BAY
11237,-117.96,33.81,35,1996,326,1409,330,4.7738,<1H OCEAN
11362,-117.93,33.73,27,3662,834,3009,743,3.9816,<1H OCEAN
6550,-118.02,34.04,28,6175,1449,5041,1408,2.8821,<1H OCEAN
11623,-118.04,33.83,20,1488,312,972,283,4.055,<1H OCEAN
10939,-117.89,33.73,32,728,134,837,135,4.0769,<1H OCEAN
11753,-121.21,38.75,11,4552,639,2006,623,4.3962,INLAND
19979,-118.73,36.01,14,3263,651,1910,594,2.8603,INLAND
20233,-119.29,34.24,27,4742,775,1682,696,6.194,NEAR OCEAN
1279,-121.64,37.85,22,1999,415,967,320,4.4583,INLAND
3226,-119.65,36.32,11,1294,314,713,290,1.5433,INLAND
18812,-121.41,40.82,16,2668,516,915,362,2.3393,INLAND
4845,-118.31,34.03,52,1902,406,1233,385,2.8295,<1H OCEAN
4336,-118.3,34.08,36,1276,503,1502,450,2.1766,<1H OCEAN
6605,-118.17,34.19,45,1790,316,1035,312,4.0985,<1H OCEAN
7777,-118.1,33.91,35,1653,325,1072,301,3.2708,<1H OCEAN
15947,-122.43,37.72,52,3351,719,2101,706,3.0107,NEAR BAY
3447,-118.42,34.24,17,2049,548,2243,541,2.525,<1H OCEAN
14526,-117.13,32.92,17,1481,315,1002,300,3.6196,<1H OCEAN
17120,-122.14,37.47,36,2081,412,1931,373,3.7917,NEAR BAY
4505,-118.2,34.05,42,1703,586,2490,581,2.02,<1H OCEAN
13960,-116.9,34.25,16,3018,523,556,244,3.5288,INLAND
1289,-121.79,38.01,17,4032,814,1749,618,3.1728,INLAND
7780,-118.08,33.91,18,1573,396,1200,365,2.895,<1H OCEAN
16784,-122.45,37.69,17,2359,501,884,504,3.0625,NEAR OCEAN
5706,-118.22,34.21,29,2174,418,1030,395,3.5707,<1H OCEAN
13911,-116.22,34.21,23,1175,468,355,151,2.2083,INLAND
10905,-117.86,33.76,15,851,297,1326,254,2.8289,<1H OCEAN
7270,-118.23,33.98,25,986,310,1439,251,2.39,<1H OCEAN
18191,-122.01,37.37,25,2213,360,1066,390,7.2165,<1H OCEAN
14814,-117.17,32.7,33,4084,897,1804,833,4.0488,NEAR OCEAN
2129,-119.72,36.8,15,3045,689,1340,588,3.1953,INLAND
10095,-117.94,33.93,33,1770,370,1346,366,4.0833,<1H OCEAN
4269,-118.31,34.1,33,766,347,918,305,1.705,<1H OCEAN
9260,-120.07,36.96,32,1268,283,549,273,1.4511,INLAND
2071,-119.85,36.74,35,1191,190,537,182,3.5375,INLAND
12988,-121.27,38.69,16,3389,597,1674,568,4.4489,INLAND
10338,-117.81,33.79,25,5950,1155,4528,1064,4.2564,<1H OCEAN
19253,-122.81,38.46,28,3580,611,1634,567,4.745,<1H OCEAN
17413,-120.59,34.7,29,17738,3114,12427,2826,2.7377,NEAR OCEAN
11143,-117.94,33.84,25,4016,831,2166,774,3.1884,<1H OCEAN
15646,-122.42,37.79,52,3511,1232,2452,1131,2.5013,NEAR BAY
6791,-118.15,34.08,44,1053,251,941,256,3.125,<1H OCEAN
7897,-118.07,33.85,16,3771,606,2196,564,7.0113,<1H OCEAN
12280,-116.99,33.92,26,503,69,293,59,3.7083,INLAND
3930,-118.58,34.21,24,2642,696,1649,633,3.0187,<1H OCEAN
7944,-118.13,33.86,45,1866,343,919,344,3.5833,<1H OCEAN
1823,-122.3,37.93,34,2254,357,715,306,4.5,NEAR BAY
10191,-117.94,33.86,36,2824,493,1394,507,4.6477,<1H OCEAN
16006,-122.46,37.74,51,1905,291,707,284,6.2561,NEAR BAY
1644,-121.94,37.83,11,2836,373,959,335,10.5815,INLAND
16431,-121.32,38.15,5,5428,994,2725,902,3.9323,INLAND
12708,-121.38,38.59,36,1239,237,764,222,3.0156,INLAND
7751,-118.15,33.92,28,1038,252,912,245,2.5875,<1H OCEAN
5171,-118.28,33.94,38,637,204,679,162,1.5714,<1H OCEAN
20305,-119.18,34.15,22,4769,1366,5534,1318,2.4167,NEAR OCEAN
14547,-117.25,32.94,16,4755,807,1829,756,6.7694,NEAR OCEAN
9107,-118.18,34.63,19,3562,606,1677,578,4.1573,INLAND
15224,-117.26,33.05,14,2323,373,1057,372,6.2513,NEAR OCEAN
11433,-117.96,33.65,23,5379,684,1826,555,7.0151,<1H OCEAN
17045,-122.27,37.48,26,3542,507,1392,524,8.5184,NEAR OCEAN
5786,-118.24,34.15,17,5282,1605,4116,1574,3.052,<1H OCEAN
20410,-118.86,34.19,26,3135,480,1474,458,6.1949,<1H OCEAN
20612,-121.56,39.08,26,1377,289,761,267,1.4934,INLAND
18350,-122.15,37.41,29,473,103,359,87,7.0309,NEAR BAY
9781,-121.13,36.2,16,1868,443,1323,436,2.9559,<1H OCEAN
14780,-117.09,32.57,23,1817,323,1371,327,3.6736,NEAR OCEAN
12865,-121.34,38.69,17,1968,364,996,331,3.7031,INLAND
9886,-122.29,38.3,52,144,54,89,48,1.0096,NEAR BAY
8944,-118.47,34.01,43,1160,304,393,250,2.9167,<1H OCEAN
8646,-118.4,33.87,45,2093,497,842,472,6.3231,<1H OCEAN
17222,-119.71,34.44,41,2220,367,927,355,5.3184,<1H OCEAN
18419,-121.82,37.26,10,3030,574,1623,589,5.1356,<1H OCEAN
10456,-117.64,33.49,3,2516,429,781,337,5.6197,<1H OCEAN
19282,-122.72,38.42,30,2099,406,1156,401,2.8036,<1H OCEAN
9848,-121.91,36.59,17,5039,833,1678,710,6.2323,NEAR OCEAN
9261,-120.04,36.97,20,2129,526,1845,522,1.8973,INLAND
12630,-121.5,38.49,29,3606,690,2317,696,2.7368,INLAND
7739,-118.15,33.94,36,1948,341,992,363,4.2594,<1H OCEAN
12003,-117.57,33.9,7,3797,850,2369,720,3.5525,INLAND
1576,-121.99,37.81,17,465,83,146,75,4.9018,<1H OCEAN
11733,-120.83,39.02,15,1117,242,551,229,2.6319,INLAND
10909,-117.86,33.74,32,691,151,926,148,4.125,<1H OCEAN
2884,-118.98,35.38,24,1807,465,1460,410,1.4786,INLAND
10664,-117.84,33.64,11,6840,1689,6083,1629,2.4132,<1H OCEAN
18249,-122.07,37.38,26,1272,306,562,284,4.5644,NEAR BAY
18625,-122,37.08,17,4154,739,2149,693,5.5919,NEAR OCEAN
20547,-121.77,38.68,43,2559,598,1820,591,2.1927,INLAND
2627,-124.14,40.72,18,2581,499,1375,503,2.8446,NEAR OCEAN
7178,-118.18,34.05,41,616,196,814,180,3.3333,<1H OCEAN
5072,-118.31,33.98,52,1837,426,1062,343,2,<1H OCEAN
14340,-117.16,32.74,49,1815,495,601,410,3.0571,NEAR OCEAN
451,-122.27,37.87,30,1465,439,862,425,1.7778,NEAR BAY
12629,-121.49,38.49,26,1557,301,986,300,2.6613,INLAND
18005,-121.96,37.3,23,4040,843,2181,843,4.0403,<1H OCEAN
18471,-121.64,37.14,14,5487,1024,2823,979,4.175,<1H OCEAN
12318,-116.39,33.82,15,11115,2257,4122,1653,2.7219,INLAND
15785,-122.39,37.78,3,3464,1179,1441,919,4.7105,NEAR BAY
14555,-117.13,32.96,15,2267,292,1180,289,6.712,<1H OCEAN
16303,-121.35,38,6,1649,369,732,350,3.4231,INLAND
11531,-118.09,33.76,26,1625,440,533,414,1.808,<1H OCEAN
3257,-120,35.91,16,259,53,131,38,3.125,INLAND
18846,-122.49,41.43,19,3689,644,1544,566,3.125,INLAND
6678,-118.1,34.15,14,1442,369,782,343,2.7431,INLAND
15970,-122.41,37.71,28,5015,1240,3900,1029,1.2269,NEAR BAY
20447,-118.89,34.33,23,366,62,265,66,3.125,<1H OCEAN
5217,-118.23,33.95,37,2667,671,2865,683,0.6831,<1H OCEAN
13312,-117.6,34.08,15,2700,460,1432,449,4.9063,INLAND
15249,-117.26,32.98,12,3900,977,1690,892,4.125,NEAR OCEAN
8009,-118.11,33.86,36,2750,487,1386,458,4.9904,<1H OCEAN
16169,-122.55,37.79,32,2131,625,1229,572,2.9201,NEAR OCEAN
14234,-117.02,32.69,7,6055,1004,3031,952,4.436,NEAR OCEAN
11339,-117.93,33.76,24,3202,703,3308,714,4.1577,<1H OCEAN
8956,-118.38,34.01,18,9528,2075,3922,1920,4.7612,<1H OCEAN
14887,-117.08,32.62,28,2468,506,1353,522,3.0771,NEAR OCEAN
17699,-121.82,37.28,31,1340,235,1336,270,4.2361,<1H OCEAN
5273,-118.53,34.04,45,1711,264,735,261,9.1078,<1H OCEAN
5777,-118.26,34.16,18,1775,525,950,522,3.5417,<1H OCEAN
14386,-117.23,32.75,5,1824,,892,426,3.4286,NEAR OCEAN
13871,-117.33,34.41,13,3684,604,1767,585,3.7478,INLAND
8901,-118.48,34.04,49,3780,741,1435,690,4.3158,<1H OCEAN
20274,-119.23,34.15,18,6213,1188,2679,1000,3.748,NEAR OCEAN
3199,-119.65,36.35,21,1745,266,837,292,4.3911,INLAND
432,-122.29,37.88,48,2365,490,1034,475,3.1065,NEAR BAY
2928,-119.01,35.37,33,821,181,579,172,1.2469,INLAND
6800,-118.12,34.09,25,4870,1371,3518,1296,3.2307,<1H OCEAN
1955,-120.76,38.76,21,3509,606,1576,564,2.6392,INLAND
11664,-118.03,33.85,30,2320,448,1434,452,4.0865,<1H OCEAN
17445,-120.48,34.66,4,1897,331,915,336,4.1563,NEAR OCEAN
10367,-117.65,33.65,16,1538,260,835,259,5.5779,<1H OCEAN
17487,-119.82,34.43,15,1482,345,669,379,3.0773,NEAR OCEAN
5583,-118.3,33.82,26,2080,560,2096,506,2.8106,<1H OCEAN
11791,-121.19,38.87,20,3118,500,1405,519,6,INLAND
18085,-122.05,37.31,25,4601,696,2003,666,8.0727,<1H OCEAN
1516,-122.07,37.93,45,1544,244,614,238,5.0255,NEAR BAY
11110,-117.89,33.85,13,1583,474,1672,432,3.2303,<1H OCEAN
6785,-118.17,34.1,25,4444,647,1922,652,8.058,<1H OCEAN
2272,-119.81,36.79,39,2471,460,1118,431,2.4167,INLAND
12555,-121.47,38.54,47,2085,464,1346,402,1.2679,INLAND
9694,-121.63,36.68,24,2591,739,3243,702,2.1766,<1H OCEAN
3809,-118.46,34.21,7,2081,657,1456,535,3.5,<1H OCEAN
19895,-119.21,36.3,23,951,235,806,222,1.7734,INLAND
16826,-122.49,37.63,31,1256,328,785,297,3.2446,NEAR OCEAN
8906,-118.48,34.03,39,1530,401,1074,375,3.5076,<1H OCEAN
12534,-121.5,38.56,46,2646,645,1684,616,1.128,INLAND
9767,-121.31,36.42,21,2740,615,2630,564,2.6629,<1H OCEAN
20236,-119.27,34.27,52,459,112,276,107,2.375,NEAR OCEAN
544,-122.26,37.77,52,1670,350,793,299,2.9732,NEAR BAY
15815,-122.42,37.76,52,2088,487,1082,488,2.6803,NEAR BAY
3376,-118.28,34.25,29,2559,,1886,769,2.6036,<1H OCEAN
12644,-121.46,38.54,36,1825,411,1226,391,1.5292,INLAND
19634,-120.89,37.52,42,1200,221,647,192,2.5402,INLAND
12134,-117.16,33.92,12,3236,502,1610,502,4.7568,INLAND
13829,-117.26,34.53,10,3103,520,1283,464,3.071,INLAND
820,-122.07,37.63,24,2329,465,1401,453,4.5913,NEAR BAY
9232,-120.09,37,11,3761,675,2374,673,3.4598,INLAND
2743,-115.59,32.79,8,2183,307,1000,287,6.3814,INLAND
6283,-117.93,34.03,35,2160,399,1694,403,3.8581,<1H OCEAN
4958,-118.29,34.01,42,814,223,511,188,2.3942,<1H OCEAN
16606,-120.67,35.62,6,12779,2441,6085,2157,3.8661,<1H OCEAN
12331,-116.48,33.96,11,1381,300,644,248,2.3382,INLAND
15491,-117.18,33.15,7,6225,1683,5410,1580,2.32,<1H OCEAN
5984,-117.73,34.12,26,6459,894,2487,885,6.2089,INLAND
222,-122.2,37.8,43,3045,499,1115,455,4.9559,NEAR BAY
9673,-118.45,37.7,15,2199,453,899,347,2.35,INLAND
14303,-117.14,32.72,34,2533,862,2011,778,2.1199,NEAR OCEAN
3924,-118.56,34.19,34,2579,561,1237,517,4.433,<1H OCEAN
19551,-120.98,37.62,26,3819,955,3010,932,1.9206,INLAND
10130,-117.9,33.92,27,698,116,391,126,5.9177,<1H OCEAN
2955,-119.02,35.35,38,1472,305,670,282,2.2407,INLAND
5669,-118.3,33.73,40,2582,606,1304,588,3.5694,NEAR OCEAN
9766,-121.66,36.37,9,1580,287,465,208,6.1668,<1H OCEAN
19157,-122.69,38.36,6,5496,1374,2502,1189,2.4827,<1H OCEAN
11344,-117.92,33.75,8,2325,598,1511,565,3.3629,<1H OCEAN
19104,-122.51,38.17,8,5875,1115,2808,1029,3.6392,NEAR BAY
5811,-118.26,34.13,37,1383,470,1185,451,2.5,<1H OCEAN
13319,-117.64,34.07,52,1644,372,1269,355,2.6913,INLAND
11273,-117.97,33.79,34,2456,410,1289,442,4.1818,<1H OCEAN
4265,-118.32,34.1,28,1759,716,1463,620,1.7306,<1H OCEAN
16828,-122.48,37.64,7,120,21,50,27,12.5,NEAR OCEAN
16215,-121.34,37.96,27,1839,442,2010,416,2.1284,INLAND
1898,-120.01,38.91,17,2732,609,1005,499,1.9851,INLAND
10807,-117.93,33.65,35,2133,413,1473,402,4.4211,<1H OCEAN
13948,-117.17,34.25,15,4236,753,703,255,3.5625,INLAND
7455,-118.16,33.92,44,1368,277,899,271,3.5938,<1H OCEAN
4590,-118.28,34.06,52,936,454,990,354,1.1122,<1H OCEAN
436,-122.3,37.88,52,409,97,208,98,1.6971,NEAR BAY
2217,-119.83,36.83,14,2351,341,1128,363,6.9903,INLAND
14236,-117.03,32.69,10,901,163,698,167,4.6648,NEAR OCEAN
19158,-122.7,38.35,16,1328,187,607,197,5.0366,<1H OCEAN
1138,-121.56,39.69,8,2836,522,1163,512,3.13,INLAND
6945,-118.09,33.99,35,2787,639,1923,614,3.5757,<1H OCEAN
13771,-117.03,34.02,26,3909,670,1884,665,4.1361,INLAND
18791,-122.56,40.75,20,1182,250,512,210,1.7935,INLAND
4520,-118.2,34.04,18,796,227,547,218,1.0333,<1H OCEAN
11740,-121.12,38.86,17,3949,717,1683,686,3.3802,INLAND
863,-122,37.58,6,4405,717,2071,688,5.8151,<1H OCEAN
19687,-121.63,39.13,26,2355,531,1047,497,1.8208,INLAND
17633,-121.93,37.27,35,1855,345,985,329,6.0196,<1H OCEAN
12674,-121.38,38.49,11,8537,1643,4224,1648,2.9647,INLAND
5989,-117.72,34.1,46,2477,458,1034,455,5.5,INLAND
6178,-117.91,34.08,35,1443,266,861,262,3.5795,<1H OCEAN
3838,-118.44,34.19,29,1599,459,1143,438,2.4583,<1H OCEAN
1703,-122.29,37.97,20,3426,632,1512,580,4.4911,NEAR BAY
7171,-118.18,34.06,45,934,228,893,192,2.53,<1H OCEAN
2115,-119.72,36.76,23,6403,,3573,1260,2.3006,INLAND
5749,-118.27,34.16,45,1865,360,973,349,3.6587,<1H OCEAN
12274,-116.95,33.97,14,5320,974,1947,843,3.1393,INLAND
16598,-120.93,35.76,11,8997,1698,1825,756,3.23,<1H OCEAN
13842,-117.32,34.55,18,279,59,188,60,0.8246,INLAND
15921,-122.43,37.73,49,1435,322,1008,329,4,NEAR BAY
13347,-117.64,34.04,21,1801,507,2556,484,2.4716,INLAND
10368,-117.66,33.64,17,3173,501,1555,520,6.7079,<1H OCEAN
7411,-118.22,33.95,36,1679,483,2249,487,2.8167,<1H OCEAN
14574,-117.22,32.82,22,3738,795,1476,728,3.7963,NEAR OCEAN
6073,-117.85,34.07,32,761,101,295,95,11.1077,<1H OCEAN
13762,-117.09,34.07,24,6260,1271,3132,1189,2.5156,INLAND
18919,-122.16,38.05,34,2434,428,926,423,4.6776,NEAR BAY
16379,-121.3,38.02,16,2717,621,3343,643,2.5473,INLAND
5852,-118.32,34.17,39,1995,564,1202,544,3.5875,<1H OCEAN
18111,-122.03,37.3,30,3007,554,1551,616,5.8521,<1H OCEAN
6510,-118.05,34.07,32,4492,1075,4119,1035,3.2373,<1H OCEAN
4124,-118.22,34.13,35,2983,526,1614,543,5.7794,<1H OCEAN
16311,-121.34,38,32,3877,687,1642,647,4.0444,INLAND
16596,-121.47,37.58,14,1594,292,887,287,4.6625,INLAND
11945,-117.43,33.93,15,4836,1368,3012,1240,2.1865,INLAND
15007,-117.02,32.76,15,1204,326,543,326,1.0278,<1H OCEAN
11942,-117.42,33.94,35,1764,325,1094,353,4.1528,INLAND
8820,-118.35,34.09,35,1989,634,1108,593,1.6081,<1H OCEAN
2142,-119.75,36.78,33,1145,197,508,198,2.3333,INLAND
19494,-121.01,37.67,37,2483,459,1072,445,3.0721,INLAND
5851,-118.32,34.18,44,1594,389,832,340,3.4,<1H OCEAN
11245,-118.01,33.81,25,1831,345,809,339,4.5179,<1H OCEAN
16069,-122.49,37.75,47,2140,425,1105,401,3.7054,NEAR OCEAN
3037,-119.12,35.38,18,1521,269,706,279,4.4196,INLAND
7567,-118.2,33.9,34,1552,444,2093,413,2.2125,<1H OCEAN
12119,-117.21,33.97,3,18356,2537,8437,2342,5.6409,INLAND
1020,-121.78,37.66,25,1947,418,900,354,3.8523,INLAND
15447,-117.23,33.19,22,2554,447,1147,422,3.6346,<1H OCEAN
10269,-117.87,33.86,19,2232,448,1149,417,3.1534,<1H OCEAN
8789,-118.36,33.8,38,2553,400,1042,393,6.9742,NEAR OCEAN
2608,-124,40.92,29,1429,,672,266,2.9485,<1H OCEAN
10829,-117.94,33.67,26,2552,314,925,323,8.1839,<1H OCEAN
909,-122.01,37.55,34,2791,495,1276,468,4.9167,NEAR BAY
13413,-117.48,34.08,17,1834,390,1253,357,3.1028,INLAND
2503,-120.46,36.87,20,1287,310,954,269,1.3386,INLAND
8285,-118.14,33.77,51,2812,621,1171,566,3.875,NEAR OCEAN
19838,-119.29,36.53,33,1509,352,1734,336,1.625,INLAND
3135,-117.68,35.03,28,2969,648,1644,570,3.4338,INLAND
16820,-122.47,37.65,27,8103,1655,5023,1605,4.6452,NEAR OCEAN
16663,-120.67,35.29,44,2236,411,1036,437,3.0833,NEAR OCEAN
637,-122.15,37.73,28,2215,587,830,573,2.1898,NEAR BAY
17977,-121.97,37.31,25,5775,1225,3580,1138,3.9187,<1H OCEAN
13832,-117.21,34.51,17,4379,629,1720,595,5.086,INLAND
15426,-117.28,33.19,5,2697,639,1633,580,3.4456,NEAR OCEAN
16250,-121.27,37.97,39,1023,243,550,224,1.1141,INLAND
12584,-121.44,38.52,38,2080,388,995,380,2.7697,INLAND
14203,-117.05,32.69,8,831,158,740,154,5.3908,NEAR OCEAN
4516,-118.2,34.03,52,1754,452,1849,445,2.3716,<1H OCEAN
7382,-118.25,33.97,36,1026,294,1316,268,1.7708,<1H OCEAN
5323,-118.44,34.05,20,5943,1538,2492,1429,4.1141,<1H OCEAN
11053,-117.85,33.78,23,3187,870,1977,852,3.3939,<1H OCEAN
16601,-120.69,35.64,38,2564,546,1301,481,2.0076,<1H OCEAN
11263,-117.99,33.79,35,2301,467,2272,454,3.9566,<1H OCEAN
16497,-120.98,37.79,20,2458,491,1227,481,2.7857,INLAND
11575,-118,33.77,28,2401,503,1155,456,3.5139,<1H OCEAN
8151,-118.1,33.81,36,1111,184,444,177,3.7031,<1H OCEAN
20081,-120.31,38.02,11,2366,398,1046,387,3.8203,INLAND
2572,-124.15,40.78,36,2112,374,829,368,3.3984,NEAR OCEAN
14213,-117.05,32.69,21,991,210,695,203,3.625,NEAR OCEAN
2059,-119.68,36.63,39,1237,256,638,239,3.0139,INLAND
13007,-121.28,38.67,29,1087,174,430,174,4.3625,INLAND
15367,-117.2,33.29,12,6358,1182,2778,1020,4.0357,<1H OCEAN
14476,-117.21,32.86,26,1352,202,654,217,5.3693,NEAR OCEAN
13596,-117.3,34.1,49,60,11,76,13,2.5625,INLAND
3171,-119.57,36.44,30,1860,337,1123,347,3.4926,INLAND
19899,-119.2,36.28,22,2295,508,1654,478,1.684,INLAND
6321,-117.98,34,22,3632,538,1968,566,6.019,<1H OCEAN
12669,-121.45,38.48,24,1766,340,1028,372,3.5402,INLAND
17422,-120.45,34.64,30,2330,422,1255,449,3.8512,NEAR OCEAN
953,-121.96,37.71,6,8072,1050,3386,1062,7.2494,<1H OCEAN
19093,-122.61,38.25,18,2915,418,1340,421,5.2452,<1H OCEAN
5933,-117.82,34.13,27,3770,573,1606,562,6.1321,INLAND
7089,-118,33.94,37,903,158,444,158,3.75,<1H OCEAN
254,-122.2,37.77,49,2272,498,1621,483,2.4338,NEAR BAY
2349,-119.67,36.8,9,3712,508,1632,474,6.011,INLAND
16155,-122.49,37.78,47,2695,643,1505,644,3.0877,NEAR BAY
13738,-117.21,34.05,4,2904,764,1250,664,3.2131,INLAND
17319,-120.12,34.6,10,2426,426,966,419,5.5106,NEAR OCEAN
5915,-118.44,34.28,32,527,146,582,143,1.7708,<1H OCEAN
18386,-121.83,37.21,14,2714,361,1259,375,7.7738,<1H OCEAN
16031,-122.45,37.72,46,1406,235,771,239,4.7143,NEAR BAY
13569,-117.28,34.14,40,2364,438,968,416,3.4906,INLAND
13561,-117.27,34.16,32,2894,427,1151,446,6.2236,INLAND
18424,-121.81,37.25,12,2070,587,1216,532,4.1926,<1H OCEAN
11698,-117.97,33.89,17,1851,344,764,339,5.1315,<1H OCEAN
19356,-123.03,38.79,16,4047,769,1998,673,3.375,<1H OCEAN
8592,-118.36,33.88,44,1362,237,709,247,4.4271,<1H OCEAN
3813,-118.48,34.2,26,2027,559,1545,513,2.8974,<1H OCEAN
14676,-117.09,32.8,15,666,152,247,164,2.15,NEAR OCEAN
10671,-117.85,33.62,18,729,105,316,108,10.3893,<1H OCEAN
5113,-118.29,33.96,36,1717,417,902,368,1.4868,<1H OCEAN
1536,-122.05,37.9,32,4498,862,1818,851,4.8088,NEAR BAY
7975,-118.2,33.87,42,1482,310,1052,317,3.9469,<1H OCEAN
13123,-121.26,38.27,20,1314,229,712,219,4.4125,INLAND
10755,-117.89,33.61,45,1883,419,653,328,4.2222,<1H OCEAN
10205,-117.93,33.88,45,1306,293,585,260,4.0812,<1H OCEAN
985,-121.84,37.66,13,13182,2074,4847,1950,5.6417,INLAND
13834,-117.22,34.54,8,12526,2495,6133,2324,2.9072,INLAND
13081,-121.37,38.56,19,6308,1167,3012,1112,2.9464,INLAND
11613,-118.06,33.8,21,2196,504,1215,477,4.8,<1H OCEAN
3899,-118.52,34.21,36,1328,287,823,273,4.5648,<1H OCEAN
9230,-120.11,36.96,17,3344,570,1624,536,3.8952,INLAND
591,-122.09,37.7,31,2053,336,867,329,4.3375,NEAR BAY
5353,-118.4,34.03,36,1831,296,871,269,8.1484,<1H OCEAN
11799,-121.27,38.87,16,2094,358,1092,357,4.4769,INLAND
11338,-117.97,33.75,32,1564,270,973,290,3.75,<1H OCEAN
7969,-118.19,33.87,42,1213,269,628,229,3.6987,<1H OCEAN
11696,-117.99,33.89,21,5195,1020,2539,988,4.5033,<1H OCEAN
16689,-120.59,35.11,20,3098,571,1449,611,3.5744,<1H OCEAN
12097,-117.28,33.89,33,6982,1371,5650,1195,2.5379,INLAND
16907,-122.35,37.57,52,2059,345,800,308,4.97,NEAR OCEAN
12422,-116.23,33.71,17,4874,1349,5032,1243,2.444,INLAND
15265,-117.28,33.04,12,4459,928,2471,888,3.5179,NEAR OCEAN
5207,-118.29,33.92,40,1935,461,1616,433,2.875,<1H OCEAN
8093,-118.21,33.82,45,455,92,394,89,4.9562,NEAR OCEAN
3777,-118.4,34.17,24,4443,1283,2421,1180,2.2652,<1H OCEAN
10616,-117.81,33.69,5,1256,256,880,288,2.4233,<1H OCEAN
9353,-122.56,37.95,34,2677,411,933,410,6.1444,NEAR OCEAN
1274,-121.74,37.95,5,4980,774,2399,763,5.7104,INLAND
18602,-122.1,37.19,18,808,136,420,145,7.1831,NEAR OCEAN
2058,-119.65,36.62,6,1931,422,1344,414,1.6607,INLAND
8829,-118.36,34.09,28,1111,300,526,294,2.6136,<1H OCEAN
13748,-117.14,34.06,15,3057,510,1154,460,3.9741,INLAND
10971,-117.86,33.76,34,3153,561,1679,532,4.7083,<1H OCEAN
5636,-118.28,33.74,16,855,271,486,250,0.7591,NEAR OCEAN
11006,-117.79,33.77,21,4349,553,1680,519,6.9014,<1H OCEAN
8144,-118.09,33.83,36,2734,448,1308,441,5.9265,<1H OCEAN
17773,-121.85,37.36,18,1525,485,1705,448,3.7198,<1H OCEAN
7476,-118.2,33.93,36,1191,345,1193,295,2.5185,<1H OCEAN
17737,-121.79,37.31,22,2199,361,1270,386,5.1149,<1H OCEAN
15540,-117.14,33.07,12,9302,1603,4074,1504,4.3513,<1H OCEAN
17427,-120.47,34.65,32,2193,430,1074,377,2.3333,NEAR OCEAN
10041,-121.06,39.21,52,1452,309,637,299,2.2083,INLAND
19751,-122.25,40.17,47,1554,308,846,301,1.8077,INLAND
3587,-118.54,34.22,34,2193,513,1299,497,3.6187,<1H OCEAN
14772,-117.07,32.57,14,1527,357,1224,363,2.7361,NEAR OCEAN
17716,-121.78,37.34,21,1959,292,891,300,7.375,<1H OCEAN
11653,-118.03,33.85,16,1831,390,1347,389,3.8426,<1H OCEAN
4748,-118.35,34.05,52,1971,414,1065,409,3.6435,<1H OCEAN
19189,-122.67,38.44,32,3771,741,1786,721,3.2415,<1H OCEAN
2974,-119.1,35.33,4,6640,898,3121,902,6.759,INLAND
12775,-121.41,38.64,41,1578,317,897,333,2.3214,INLAND
1845,-122.28,37.9,49,3191,516,1148,507,6.3538,NEAR BAY
18600,-122.18,37.15,17,1457,289,591,235,5.5785,NEAR OCEAN
1681,-122.36,38.03,32,2159,393,981,369,4.3173,NEAR BAY
19217,-122.67,38.47,16,3452,791,1567,731,2.4722,<1H OCEAN
11046,-117.82,33.81,25,2662,402,1247,401,5.4395,<1H OCEAN
11180,-117.94,33.83,20,812,192,494,172,3.25,<1H OCEAN
5841,-118.32,34.19,37,1519,331,613,315,3.0179,<1H OCEAN
4649,-118.31,34.06,14,1559,646,1639,567,1.9949,<1H OCEAN
19224,-122.7,38.45,39,2015,335,640,315,4.1734,<1H OCEAN
19896,-119.21,36.3,18,1433,265,1092,276,1.9135,INLAND
2327,-119.71,36.81,19,1648,368,557,354,1.7969,INLAND
576,-122.06,37.77,12,14316,2045,5781,2007,7.2634,NEAR BAY
17757,-121.8,37.35,27,2358,415,1562,383,5.2297,<1H OCEAN
4255,-118.35,34.1,20,2745,782,1161,739,3.9044,<1H OCEAN
20561,-121.77,38.67,42,2670,518,1548,534,2.2794,INLAND
12578,-121.44,38.53,37,1951,432,1089,411,2.3272,INLAND
18304,-122.12,37.41,33,2892,617,1250,581,5.3727,NEAR BAY
9612,-120.47,37.29,16,749,222,1277,224,1.2054,INLAND
7934,-118.08,33.82,26,4259,588,1644,581,6.2519,<1H OCEAN
15678,-122.43,37.8,52,1976,726,1045,669,3.6893,NEAR BAY
8408,-118.35,33.93,35,1050,252,918,236,1.7344,<1H OCEAN
4474,-118.16,34.08,43,1523,378,1338,352,3.2031,<1H OCEAN
13493,-117.39,34.04,27,2919,549,1841,564,2.8682,INLAND
2105,-119.76,36.75,39,2233,563,2031,491,1.8641,INLAND
14849,-117.09,32.68,20,2569,737,2341,705,2.0114,NEAR OCEAN
18669,-121.91,36.98,16,1957,408,865,369,2.6875,NEAR OCEAN
3568,-118.58,34.23,35,1917,314,1019,340,4.8929,<1H OCEAN
16954,-122.3,37.53,37,1338,215,535,221,5.4351,NEAR OCEAN
9058,-118.14,34.69,35,2118,374,1108,360,3.4327,INLAND
3951,-118.63,34.21,31,3952,647,1762,588,5.5709,<1H OCEAN
17759,-121.84,37.34,27,2512,526,3033,526,4.25,<1H OCEAN
10730,-117.87,33.6,35,1598,398,782,411,5.1155,<1H OCEAN
906,-121.99,37.54,28,3046,507,1772,516,5.3283,<1H OCEAN
15514,-117.06,33.17,4,5465,974,2844,950,4.4477,<1H OCEAN
17564,-121.9,37.31,52,2125,431,1014,443,5.8186,<1H OCEAN
2887,-118.99,35.39,39,2228,542,1516,435,1.6009,INLAND
9072,-118.14,34.7,36,1205,317,678,290,2.0182,INLAND
14679,-117.1,32.83,16,1049,154,467,160,6.2047,<1H OCEAN
16414,-121.24,37.9,16,50,10,20,6,2.625,INLAND
11920,-117.42,33.96,33,2275,469,1691,459,2.7452,INLAND
1817,-122.31,37.93,36,2403,408,917,404,5.0399,NEAR BAY
17794,-121.82,37.37,42,2913,577,1873,580,3.7214,<1H OCEAN
1808,-122.35,37.93,41,268,75,198,82,3.2222,NEAR BAY
3154,-118.43,35.12,8,1968,376,930,360,3.2632,INLAND
4143,-118.19,34.12,41,2591,682,2366,583,2.3071,<1H OCEAN
15232,-117.21,33.02,26,3194,454,1032,406,10.156,NEAR OCEAN
15915,-122.42,37.73,50,3426,769,2261,671,2.888,NEAR BAY
12304,-116.8,33.8,35,324,63,158,39,3.4167,INLAND
10622,-117.82,33.68,3,7105,1459,3068,1241,6.1395,<1H OCEAN
10752,-117.89,33.61,42,1301,280,539,249,5,<1H OCEAN
20433,-118.74,34.26,22,4337,673,2347,636,5.4091,<1H OCEAN
2817,-119.02,35.41,41,2221,516,1106,473,1.97,INLAND
62,-122.29,37.81,50,760,190,377,122,0.9011,NEAR BAY
10558,-117.72,33.64,16,1230,242,380,246,2.2969,<1H OCEAN
3824,-118.47,34.19,33,3879,943,2113,843,3.892,<1H OCEAN
6566,-118.14,34.2,39,2569,426,1282,432,5.0953,INLAND
3146,-118.51,35.16,7,4371,727,1932,654,4.625,INLAND
5130,-118.27,33.98,39,2062,588,1933,570,1.3801,<1H OCEAN
12973,-121.31,38.67,26,1387,226,807,244,4.1563,INLAND
3409,-118.31,34.26,36,1882,453,1005,409,3.8,<1H OCEAN
3094,-118.45,35.58,16,5396,1182,1802,807,1.8819,INLAND
5545,-118.4,33.97,37,1364,248,494,242,4.6364,<1H OCEAN
2387,-119.61,36.94,14,863,151,315,135,4.2679,INLAND
12373,-116.45,33.8,9,5534,1206,2283,1008,3.6161,INLAND
4954,-118.31,34.02,46,2217,489,1227,448,1.6851,<1H OCEAN
19374,-120.9,37.76,20,570,112,304,108,2.2024,INLAND
17395,-120.44,34.96,34,1248,284,986,272,2.9167,<1H OCEAN
5044,-118.33,33.97,44,2526,579,1423,573,2.5363,<1H OCEAN
16860,-122.43,37.63,15,2748,997,1447,901,3.5214,NEAR OCEAN
13776,-117.08,34.03,23,3862,699,2082,652,3.154,INLAND
19639,-120.8,37.55,18,1802,335,1110,329,3.1641,INLAND
17466,-119.83,34.45,24,2168,373,934,366,5.4197,NEAR OCEAN
17148,-122.2,37.43,38,3626,528,1350,532,7.3681,NEAR OCEAN
7838,-118.17,33.9,12,3653,993,3215,854,2.8681,<1H OCEAN
18432,-121.85,37.26,16,2312,303,1158,295,7.4323,<1H OCEAN
19324,-122.97,38.53,48,3939,860,1257,571,2.1165,<1H OCEAN
5974,-117.76,34.11,22,4935,954,2874,938,3.9825,INLAND
13234,-117.66,34.14,8,1692,253,857,251,6.9418,INLAND
5897,-118.32,34.16,46,2345,453,1031,427,4.3173,<1H OCEAN
12785,-121.44,38.63,38,1673,399,1116,382,1.3302,INLAND
8757,-118.37,33.81,36,2031,339,817,337,5.1271,NEAR OCEAN
8432,-118.37,33.93,10,199,41,61,56,2.8958,<1H OCEAN
13676,-117.25,34.06,23,4503,1156,3264,937,1.9821,INLAND
19504,-121.02,37.65,20,2973,620,1996,570,3.0645,INLAND
20048,-119.02,36.05,22,2078,431,1336,456,2.2202,INLAND
5972,-117.76,34.12,16,9020,1509,3575,1486,4.2415,INLAND
8050,-118.18,33.85,40,2597,582,1285,559,3.975,<1H OCEAN
9244,-120.05,36.98,16,3705,739,2463,697,2.5288,INLAND
8556,-118.4,33.92,32,2828,629,1313,534,4.5987,<1H OCEAN
15643,-122.42,37.8,52,3067,870,2122,850,2.5603,NEAR BAY
13708,-117.21,34.11,27,1245,229,692,234,3.2176,INLAND
4568,-118.26,34.06,42,2541,1282,3974,1189,1.5854,<1H OCEAN
6123,-117.93,34.12,36,294,67,266,80,3.5385,INLAND
11070,-117.85,33.84,17,2830,502,1370,459,5.1785,<1H OCEAN
12387,-116.37,33.72,19,6190,1355,2242,1043,3.0021,INLAND
14360,-117.22,32.74,41,2621,542,1074,471,2.4016,NEAR OCEAN
18779,-122.23,40.4,18,2102,377,1059,384,3.0556,INLAND
4331,-118.32,34.08,46,2038,534,1250,525,2.4196,<1H OCEAN
17848,-121.86,37.42,20,5032,808,2695,801,6.6227,<1H OCEAN
1861,-124.3,41.84,17,2677,531,1244,456,3.0313,NEAR OCEAN
3158,-118.95,35.26,24,1341,214,667,184,4,INLAND
14260,-117.12,32.7,14,819,237,827,237,1.3194,NEAR OCEAN
10718,-117.83,33.65,8,2149,426,950,399,4.1103,<1H OCEAN
13410,-117.46,34.08,18,3830,750,2767,702,3.6602,INLAND
2984,-119.01,35.34,36,973,219,613,187,1.5625,INLAND
10450,-117.67,33.44,25,2994,519,903,410,6.6852,<1H OCEAN
5114,-118.3,33.96,43,2009,442,1095,439,2.8299,<1H OCEAN
5737,-118.24,34.16,40,2549,591,1156,546,3.3333,<1H OCEAN
1164,-121.55,39.51,48,827,198,396,161,0.8024,INLAND
16480,-121.28,38.17,19,1337,236,744,225,4.0924,INLAND
10151,-117.92,33.9,13,1814,320,1010,313,6.3489,<1H OCEAN
3388,-118.35,34.22,19,9259,1653,3963,1595,5.997,<1H OCEAN
13892,-116.27,34.13,37,452,109,184,59,3.7292,INLAND
16632,-120.9,35.33,16,1576,287,595,262,3.588,NEAR OCEAN
6039,-117.73,34.07,33,1025,261,854,269,2.2596,INLAND
13755,-117.16,34.06,33,2101,468,1997,412,2.8125,INLAND
10048,-120.93,39.17,13,2331,464,1110,419,3.6563,INLAND
8252,-118.17,33.78,44,2364,746,3184,672,1.918,NEAR OCEAN
2144,-119.76,36.77,36,2507,466,1227,474,2.785,INLAND
7394,-118.25,33.95,48,1766,424,1655,420,0.9751,<1H OCEAN
12777,-121.42,38.64,42,1720,382,1069,362,1.8611,INLAND
15523,-117.05,33.13,20,7746,2035,5370,1838,2.3762,<1H OCEAN
1419,-122.05,37.97,16,60,10,65,19,6.1359,NEAR BAY
19891,-119.14,36.29,32,2084,482,1410,420,1.5321,INLAND
7904,-118.06,33.85,16,4851,726,2527,704,6.0142,<1H OCEAN
10129,-117.89,33.92,17,2936,555,1381,535,5.4617,<1H OCEAN
4355,-118.39,34.09,41,730,126,230,125,4.3214,<1H OCEAN
10854,-117.87,33.69,4,2337,768,983,655,3.7174,<1H OCEAN
14435,-117.24,32.8,26,3433,873,1492,798,2.9258,NEAR OCEAN
11760,-121.27,38.74,19,3869,887,2086,685,2.6065,INLAND
5928,-117.8,34.1,13,2996,495,1187,464,6.2456,INLAND
20316,-119.16,34.17,17,7982,1603,6437,1596,4.1279,NEAR OCEAN
3952,-118.64,34.22,16,4312,574,1902,574,8.4438,<1H OCEAN
2533,-122.04,39.72,23,2502,481,1443,455,2.5625,INLAND
7740,-118.15,33.94,37,1594,321,1003,323,3.3289,<1H OCEAN
16219,-121.34,37.96,23,2830,659,1554,654,3.0354,INLAND
201,-122.22,37.78,50,1920,530,1525,477,1.4886,NEAR BAY
6181,-117.92,34.08,35,1897,311,965,323,5.7039,<1H OCEAN
16640,-120.66,35.29,23,1932,487,1380,472,1.9647,NEAR OCEAN
10764,-117.91,33.63,20,3442,1526,1427,977,3.1985,<1H OCEAN
15399,-117.2,33.2,16,4409,629,1875,609,5.543,<1H OCEAN
6322,-117.98,33.99,26,3343,455,1429,457,7.0778,<1H OCEAN
16546,-121.23,37.81,15,2906,537,1886,557,4.2431,INLAND
486,-122.26,37.86,52,3497,832,1493,794,2.9044,NEAR BAY
12111,-117.34,34.02,28,2683,708,2047,636,2.275,INLAND
8038,-118.15,33.84,29,2448,354,894,349,7.6526,<1H OCEAN
8357,-118.32,33.96,47,1885,361,954,357,3.8512,<1H OCEAN
4803,-118.36,34.03,38,2365,638,2259,607,2.0879,<1H OCEAN
6494,-118.01,34.08,35,1852,358,1414,347,4.275,INLAND
6972,-118.03,33.98,46,1974,465,880,441,2.7578,<1H OCEAN
8761,-118.38,33.82,34,1822,364,750,366,5.9907,NEAR OCEAN
228,-122.19,37.8,46,1938,341,768,332,4.2727,NEAR BAY
5128,-118.28,33.98,43,1240,312,1100,311,1.575,<1H OCEAN
14370,-117.23,32.72,38,2827,581,972,558,3.2361,NEAR OCEAN
4224,-118.29,34.11,30,2774,570,1076,580,5.296,<1H OCEAN
19216,-122.68,38.48,15,1575,262,716,259,5.3409,<1H OCEAN
6620,-118.12,34.17,37,2705,676,1551,608,2.2692,INLAND
12056,-117.58,33.87,42,765,171,590,177,1.6875,INLAND
7912,-118.08,33.89,33,2131,435,2045,426,4,<1H OCEAN
16305,-121.35,38.01,15,2682,599,1520,601,3.5982,INLAND
12063,-117.58,33.87,30,701,131,356,125,3.2917,INLAND
11390,-117.97,33.74,16,1735,380,784,360,4.2566,<1H OCEAN
18833,-122.56,41.69,21,2010,360,947,306,2.4107,INLAND
9896,-122.26,38.29,10,969,160,482,180,6.5799,NEAR BAY
20295,-119.19,34.16,34,2610,466,1543,433,3.9722,NEAR OCEAN
8988,-118.36,33.99,35,3702,648,1449,614,5.3194,<1H OCEAN
17217,-119.7,34.43,39,1486,467,758,409,2.6875,<1H OCEAN
1807,-122.34,37.93,45,2225,486,1304,459,2.64,NEAR BAY
16204,-121.29,37.95,52,288,86,272,54,0.696,INLAND
1816,-122.31,37.93,39,2505,371,872,345,5.3433,NEAR BAY
10007,-121.22,39.11,14,1405,269,660,228,3.0804,INLAND
16241,-121.29,37.99,30,1271,528,2019,524,1.5152,INLAND
482,-122.27,37.86,52,834,186,494,175,3.15,NEAR BAY
2854,-118.95,35.38,30,2594,478,1419,480,3.725,INLAND
15127,-116.89,32.85,16,1743,333,652,322,2.8906,<1H OCEAN
18683,-121.83,36.98,19,4431,705,1764,679,4.3321,<1H OCEAN
15017,-117.05,32.78,37,1184,178,529,192,4.7941,<1H OCEAN
5647,-118.29,33.74,29,1503,411,1368,390,2.1473,NEAR OCEAN
4693,-118.37,34.07,52,2203,437,899,384,4.25,<1H OCEAN
960,-121.91,37.69,23,2179,308,926,299,5.9345,<1H OCEAN
7513,-118.26,33.9,38,1566,318,981,318,4.0234,<1H OCEAN
5422,-118.42,34.03,44,629,131,326,156,4.5278,<1H OCEAN
18707,-122.4,40.58,40,3895,929,1782,910,1.3329,INLAND
2744,-115.58,32.79,14,1687,507,762,451,1.6635,INLAND
14563,-117.22,32.82,35,756,135,423,136,3.5234,NEAR OCEAN
10461,-117.65,33.46,19,7034,1139,2824,1068,6.0873,<1H OCEAN
9561,-120.63,37.36,16,1605,282,866,284,4.0694,INLAND
853,-122.03,37.59,16,4371,889,2530,817,4.6786,NEAR BAY
8,-122.26,37.84,42,2555,665,1206,595,2.0804,NEAR BAY
1648,-121.96,37.99,2,3129,707,1606,698,2.9591,INLAND
10717,-117.83,33.65,9,638,266,426,234,3.7875,<1H OCEAN
13080,-121.35,38.54,12,16239,3358,8656,3234,3.5691,INLAND
4152,-118.21,34.12,52,1301,389,1189,361,2.5139,<1H OCEAN
19404,-120.98,37.71,22,434,89,195,86,2.4211,INLAND
17732,-121.81,37.31,15,1794,366,1533,371,5.7843,<1H OCEAN
18360,-122.09,37.35,30,1502,186,501,180,10.0259,NEAR BAY
14189,-117.08,32.71,27,2204,598,1656,521,1.4821,NEAR OCEAN
4156,-118.2,34.12,44,1565,398,1500,407,2.8125,<1H OCEAN
11973,-117.41,34,26,2372,621,1647,612,1.4719,INLAND
13642,-117.33,34.06,42,530,123,390,124,1.0469,INLAND
16609,-120.47,35.74,9,4267,785,2065,691,3.7303,<1H OCEAN
20451,-118.9,34.26,5,25187,3521,11956,3478,6.9712,<1H OCEAN
16648,-120.65,35.27,15,2365,538,1446,490,2.5129,NEAR OCEAN
8716,-118.35,33.84,22,13133,3680,7180,3522,3.5414,<1H OCEAN
7364,-118.2,33.97,43,825,212,820,184,1.8897,<1H OCEAN
286,-122.18,37.78,43,1985,440,1085,407,3.4205,NEAR BAY
11003,-117.8,33.74,33,2890,453,1300,452,6.5616,<1H OCEAN
7778,-118.08,33.91,30,3259,942,2744,895,2.8608,<1H OCEAN
3042,-119.27,35.49,39,2649,572,1815,547,2.3533,INLAND
12123,-117.27,33.93,2,337,55,115,49,3.1042,INLAND
1320,-121.9,38.04,36,1489,331,838,259,1.2024,INLAND
13402,-117.46,34.14,10,714,131,381,119,0.8926,INLAND
8650,-118.39,33.86,28,3619,764,1735,789,6.1404,<1H OCEAN
4079,-118.36,34.15,34,3659,921,1338,835,3.6202,<1H OCEAN
14516,-117.12,32.91,8,3405,961,1742,918,2.8728,<1H OCEAN
6729,-118.13,34.11,52,2568,345,1102,345,9.1373,<1H OCEAN
15311,-117.38,33.19,26,4123,1145,1703,895,1.9891,NEAR OCEAN
2236,-119.8,36.86,7,6434,1201,2733,1045,3.7656,INLAND
8505,-118.3,33.88,29,850,229,563,204,3.7375,<1H OCEAN
9647,-120.84,37.05,8,1944,283,814,276,5.3988,INLAND
9026,-118.86,34.07,16,1409,244,970,172,8.0144,NEAR OCEAN
20414,-118.85,34.18,11,5873,1455,3089,1365,3.5504,<1H OCEAN
6575,-118.18,34.22,40,1983,298,853,271,5.9845,<1H OCEAN
9088,-118.22,34.67,28,2357,408,1162,384,4.3636,INLAND
4202,-118.23,34.11,33,2612,646,2496,606,3.133,<1H OCEAN
568,-122.24,37.73,21,7031,1249,2930,1235,4.5213,NEAR BAY
6956,-118.06,33.98,50,1146,238,579,213,2.9583,<1H OCEAN
2404,-119.31,36.62,33,1485,374,1544,329,1.7292,INLAND
5185,-118.26,33.94,44,795,181,716,167,2,<1H OCEAN
12069,-117.55,33.83,6,502,76,228,65,4.2386,INLAND
15018,-117.03,32.78,17,5481,1618,2957,1537,2.5707,<1H OCEAN
7098,-117.99,33.92,27,5805,1152,3106,1144,4.061,<1H OCEAN
2432,-119.53,36.65,43,1676,320,1056,276,2.5562,INLAND
10780,-117.91,33.64,37,1998,472,1030,436,3.9306,<1H OCEAN
3613,-118.41,34.23,35,1026,195,753,185,4.5909,<1H OCEAN
16523,-121.2,37.8,28,3264,576,1512,567,3.7546,INLAND
772,-122.1,37.66,36,1305,225,768,234,4.275,NEAR BAY
5327,-118.45,34.04,22,3319,1045,1848,940,3.6673,<1H OCEAN
512,-122.23,37.82,52,3242,366,1001,352,12.2138,NEAR BAY
7472,-118.21,33.93,30,2831,862,3649,883,1.9668,<1H OCEAN
18361,-122.14,37.36,23,11294,1377,3840,1367,12.1387,NEAR BAY
16182,-121.29,37.96,52,888,324,630,258,1.2411,INLAND
10301,-117.8,33.92,16,5819,986,2306,914,4.6315,<1H OCEAN
12114,-117.23,33.94,7,13195,2696,6763,2437,3.5851,INLAND
565,-122.24,37.76,52,2646,581,1128,522,3.0718,NEAR BAY
10541,-117.74,33.46,9,6564,1316,1720,904,4.89,<1H OCEAN
17012,-122.27,37.53,43,1145,230,586,254,3.5,NEAR OCEAN
12189,-117.33,33.67,27,4376,1003,2667,870,1.9194,<1H OCEAN
13248,-117.65,34.11,29,2927,634,1710,623,3.6219,INLAND
8996,-118.35,33.99,45,1764,401,679,334,3.2021,<1H OCEAN
4871,-118.28,34.04,48,1521,513,1772,458,2.2232,<1H OCEAN
18483,-121.62,37.09,37,1593,303,1030,287,3.9306,<1H OCEAN
10112,-117.94,33.94,30,1596,307,845,309,4.5096,<1H OCEAN
15498,-117.23,33.1,4,1862,291,685,248,7.745,NEAR OCEAN
4503,-118.2,34.05,40,1146,323,1354,321,1.9205,<1H OCEAN
4405,-118.24,34.08,52,109,20,86,24,4.9844,<1H OCEAN
12176,-117.29,33.83,15,4173,804,2393,713,2.4662,INLAND
5855,-118.33,34.19,46,2115,463,1133,439,3.7344,<1H OCEAN
8665,-118.39,33.84,16,2472,572,965,529,5.137,<1H OCEAN
17074,-122.21,37.48,20,505,216,326,216,2.9286,NEAR BAY
11033,-117.81,33.79,23,3114,610,2045,577,3.75,<1H OCEAN
16370,-121.3,38.04,8,2668,447,1713,444,4.0156,INLAND
19945,-119.36,36.21,18,1082,202,793,213,2.4032,INLAND
553,-122.26,37.77,52,2097,444,915,413,2.9899,NEAR BAY
10834,-117.93,33.69,26,2822,473,1258,469,6.4441,<1H OCEAN
19009,-122,38.35,38,1918,364,745,348,2.5707,INLAND
3811,-118.47,34.2,20,3939,1143,2475,1002,2.9025,<1H OCEAN
9004,-118.6,34.13,20,14291,1934,5452,1875,9.1232,<1H OCEAN
6732,-118.1,34.13,44,1745,237,693,248,9.7912,<1H OCEAN
3069,-119.25,35.75,36,1598,443,1658,417,1.517,INLAND
2873,-118.96,35.37,41,1463,339,1066,318,1.7467,INLAND
9085,-118.17,34.67,5,8352,1555,3723,1389,4.5659,INLAND
20244,-119.25,34.27,35,2532,407,1338,422,4.7727,NEAR OCEAN
15065,-116.96,32.8,24,2493,693,1420,643,1.8357,<1H OCEAN
8414,-118.35,33.94,42,1028,278,1369,261,3.3125,<1H OCEAN
9525,-123.17,39.15,30,1904,331,816,325,4.425,<1H OCEAN
19593,-120.87,37.6,32,4579,914,2742,856,2.6619,INLAND
1743,-122.35,37.96,29,1899,524,1357,443,1.875,NEAR BAY
15218,-117.12,32.96,15,2869,405,1526,402,6.0175,<1H OCEAN
15635,-122.41,37.8,30,1821,738,1648,684,0.8836,NEAR BAY
17681,-121.87,37.29,18,1892,568,974,553,2.3715,<1H OCEAN
8415,-118.34,33.94,37,3107,903,3456,734,2.182,<1H OCEAN
13213,-117.71,34.04,17,4098,733,1859,713,2.9811,INLAND
20553,-121.79,38.68,24,3794,848,2225,864,2.8068,INLAND
19986,-119.32,36.21,25,2360,460,1424,436,2.3152,INLAND
11952,-117.44,33.93,33,1371,236,715,227,4.375,INLAND
17648,-121.89,37.25,23,2705,449,1180,442,6.0791,<1H OCEAN
14343,-117.17,32.74,38,5054,1168,2366,1103,2.9422,NEAR OCEAN
14721,-117.03,32.79,26,3859,513,1469,538,5.8683,<1H OCEAN
16216,-121.32,37.95,36,747,189,338,145,1.7885,INLAND
5373,-118.38,34.04,36,3005,771,2054,758,2.0437,<1H OCEAN
13952,-117.15,34.22,10,1039,174,317,109,7.2371,INLAND
10576,-117.7,33.64,15,5743,773,2380,773,8.1926,<1H OCEAN
13998,-116.96,34.83,30,1211,289,611,230,1.6667,INLAND
17534,-121.88,37.34,52,1390,365,921,352,2.1442,<1H OCEAN
11094,-117.88,33.84,26,1499,290,755,277,3.5893,<1H OCEAN
17951,-121.96,37.34,34,1461,299,739,276,3.4375,<1H OCEAN
8172,-118.12,33.8,36,1257,205,530,211,5.3701,<1H OCEAN
6092,-117.85,34.11,27,1748,403,985,416,3.1133,INLAND
15461,-117.24,33.17,4,9998,1874,3925,1672,4.2826,<1H OCEAN
12223,-116.89,33.73,15,2094,316,937,277,5.3623,INLAND
19962,-119.29,36.12,24,1248,226,641,200,2.4722,INLAND
3919,-118.53,34.18,26,4175,885,2118,778,4.2083,<1H OCEAN
12090,-117.3,33.85,15,3991,751,2317,657,2.9542,INLAND
4835,-118.29,34.04,31,700,299,1272,298,2.1542,<1H OCEAN
2249,-119.81,36.81,33,3972,594,1324,561,5.4513,INLAND
13814,-117.05,34.89,36,1199,260,665,229,3.7065,INLAND
17250,-119.69,34.42,17,1826,544,1325,532,1.2762,<1H OCEAN
19205,-122.71,38.44,27,966,251,462,230,1.7,<1H OCEAN
12055,-117.57,33.88,39,679,164,769,179,2.3036,INLAND
19555,-121.01,37.61,5,3655,696,2316,647,3.4703,INLAND
16067,-122.48,37.75,52,2074,401,1136,409,4.7703,NEAR BAY
15835,-122.43,37.75,52,2721,581,1043,519,3.7545,NEAR BAY
18092,-122.08,37.31,17,2560,396,959,400,7.8528,<1H OCEAN
16864,-122.4,37.62,44,1619,362,1064,335,4.0238,NEAR OCEAN
13794,-117.5,34.66,20,1319,309,486,196,2.0184,INLAND
2097,-119.77,36.76,40,2009,519,2219,505,1.2101,INLAND
121,-122.24,37.85,37,334,54,98,47,4.9643,NEAR BAY
394,-122.33,37.89,42,1342,291,551,266,4.5268,NEAR BAY
10404,-117.59,33.67,29,1223,215,633,204,6.5143,<1H OCEAN
1166,-121.56,39.51,47,1064,245,603,190,1.3654,INLAND
12736,-121.34,38.59,22,3273,480,1151,463,8.05,INLAND
2158,-119.81,36.77,49,1749,314,705,300,3.15,INLAND
17825,-121.88,37.4,9,6751,,4240,1438,5.34,<1H OCEAN
19343,-122.86,38.62,35,2597,522,1231,499,2.7432,<1H OCEAN
14505,-117.22,32.86,4,16289,4585,7604,4176,3.6287,NEAR OCEAN
12616,-121.55,38.51,14,5490,851,2415,837,6.5253,INLAND
5486,-118.46,33.98,27,2217,520,806,458,3.8935,<1H OCEAN
5637,-118.3,33.75,19,2356,440,1291,418,4.2308,<1H OCEAN
12345,-116.49,33.82,27,3316,636,2362,532,2.9569,INLAND
17202,-119.73,34.44,38,1729,,801,395,3.1364,NEAR OCEAN
7457,-118.17,33.91,39,1157,273,877,305,3.1087,<1H OCEAN
5420,-118.43,34.02,42,1528,244,634,242,8.1631,<1H OCEAN
5975,-117.77,34.1,50,2388,494,1241,459,2.8818,INLAND
13550,-117.3,34.11,42,525,111,444,120,2.6771,INLAND
6504,-118.06,34.08,37,778,205,850,198,2.5119,<1H OCEAN
20405,-118.88,34.21,26,1590,196,654,199,6.5851,<1H OCEAN
14937,-117.04,32.64,5,2329,542,1213,514,4.0298,NEAR OCEAN
14488,-117.25,32.86,27,2530,469,594,326,7.2821,NEAR OCEAN
8304,-118.12,33.75,47,3330,569,1220,557,7.3672,NEAR OCEAN
1469,-121.98,37.95,14,6290,854,2724,820,6.7371,INLAND
18500,-121.55,37.37,39,759,141,252,106,3.6964,INLAND
9207,-119.85,37.1,8,828,168,413,146,3.375,INLAND
3823,-118.47,34.2,25,4590,1477,2723,1195,2.7118,<1H OCEAN
17923,-121.97,37.35,30,1955,,999,386,4.6328,<1H OCEAN
11204,-117.91,33.83,47,504,113,375,109,3.6607,<1H OCEAN
16432,-121.23,38.12,22,393,58,134,57,3.95,INLAND
6187,-117.91,34.1,35,2746,478,1779,501,4.25,<1H OCEAN
16613,-121.14,35.55,13,5383,1070,1880,796,3.8019,NEAR OCEAN
18014,-121.96,37.27,22,6114,1211,2983,1163,5.2533,<1H OCEAN
9515,-123.2,39.16,14,1908,484,1195,467,1.7929,<1H OCEAN
12287,-116.86,33.84,18,521,118,174,74,2.7788,INLAND
3788,-118.37,34.17,42,600,171,377,181,2.4107,<1H OCEAN
16244,-121.28,37.99,42,495,116,284,97,2.8854,INLAND
19652,-120.86,37.5,34,4272,996,2916,962,1.9829,INLAND
18902,-122.26,38.11,52,2573,639,1238,529,2.6708,NEAR BAY
219,-122.21,37.79,35,1745,409,1143,386,2.875,NEAR BAY
8553,-118.3,33.74,28,1065,215,887,217,3.9375,NEAR OCEAN
6454,-118.06,34.12,34,2941,558,1660,576,4.5667,INLAND
4046,-118.49,34.13,24,4394,,1443,528,11.2979,<1H OCEAN
18475,-121.65,37.12,14,4721,999,2648,888,3.6895,<1H OCEAN
13580,-117.29,34.13,52,2424,528,1171,455,1.4815,INLAND
20126,-118.88,34.42,20,728,120,360,115,6.1244,<1H OCEAN
7086,-118,33.93,35,1288,240,758,250,4.9205,<1H OCEAN
2175,-119.85,36.77,27,1510,344,847,295,2.9315,INLAND
1538,-122.02,37.89,29,6349,858,2450,778,7.5,NEAR BAY
700,-122.03,37.69,20,200,25,83,31,6.5,NEAR BAY
17123,-122.13,37.46,37,1576,334,1385,323,2.5294,NEAR BAY
9334,-122.68,38.01,41,1865,392,825,369,4.2011,NEAR OCEAN
5654,-118.3,33.73,42,1731,,866,403,2.7451,NEAR OCEAN
17196,-119.75,34.44,28,1080,298,524,251,1.8432,NEAR OCEAN
13177,-117.78,33.97,2,556,63,179,54,8.4411,<1H OCEAN
4388,-118.27,34.08,35,1147,365,1016,296,2.3913,<1H OCEAN
2798,-117.69,36.13,25,1709,439,632,292,1.7868,INLAND
6687,-118.07,34.14,42,3200,685,1668,628,3.375,INLAND
2351,-119.68,36.79,16,1551,,1010,292,3.5417,INLAND
14971,-117.01,32.73,22,2526,530,1556,529,2.8646,NEAR OCEAN
18956,-122.04,38.25,38,1214,244,632,254,2.8438,INLAND
16049,-122.48,37.76,48,2660,616,1491,602,3.9758,NEAR BAY
20112,-119.93,37.85,18,473,115,88,41,4.0833,INLAND
16863,-122.41,37.63,35,865,226,602,217,3,NEAR OCEAN
12845,-121.38,38.68,35,1643,298,831,305,4.0673,INLAND
5169,-118.27,33.95,43,1156,291,1074,299,1.8814,<1H OCEAN
19675,-121.62,39.16,7,4480,776,2271,767,3.809,INLAND
8540,-118.36,33.89,27,2837,684,2141,648,3.1325,<1H OCEAN
8004,-118.1,33.85,28,2825,470,1352,469,5.2639,<1H OCEAN
6484,-118.02,34.09,24,2080,514,1976,478,2.6917,INLAND
3378,-118.29,34.25,8,5568,1514,3565,1374,3.0795,<1H OCEAN
18293,-122.11,37.39,36,1660,261,655,249,6.3967,NEAR BAY
5304,-118.46,34.07,49,2418,301,850,318,14.2867,<1H OCEAN
11097,-117.88,33.83,22,3522,543,1706,524,6.4685,<1H OCEAN
3297,-122.65,38.97,32,1856,472,703,292,1.1912,INLAND
3764,-118.41,34.17,27,3277,648,1382,615,3.875,<1H OCEAN
15749,-122.45,37.77,52,2339,548,1090,507,3.3679,NEAR BAY
6691,-118.08,34.13,46,1238,147,377,145,8.4546,INLAND
5008,-118.33,34.01,47,1320,259,653,291,3.7727,<1H OCEAN
18579,-121.77,36.93,33,1406,317,1075,301,3.2813,<1H OCEAN
11318,-117.99,33.77,15,2081,531,1617,561,3.4955,<1H OCEAN
18204,-122.05,37.38,24,2424,501,1367,507,4.072,<1H OCEAN
3654,-118.43,34.21,17,3667,1209,2636,1054,2.425,<1H OCEAN
17176,-122.47,37.5,25,950,259,404,195,3.1937,NEAR OCEAN
15020,-117.03,32.79,31,2366,383,1077,387,4.2992,<1H OCEAN
20170,-119.29,34.4,22,3891,657,1727,581,4.2656,NEAR OCEAN
704,-122.05,37.63,5,3785,936,2240,792,3.2829,NEAR BAY
14644,-117.2,32.78,38,2662,498,1132,496,4.0057,NEAR OCEAN
6481,-118.05,34.09,23,602,135,409,123,3.5268,<1H OCEAN
14770,-117.07,32.57,17,2961,634,1911,615,2.5859,NEAR OCEAN
5096,-118.3,33.97,42,944,200,567,190,2.6311,<1H OCEAN
11800,-121.29,38.9,45,2019,394,1104,407,3.1691,INLAND
17907,-121.96,37.36,33,2581,623,1598,628,3.5199,<1H OCEAN
17111,-122.18,37.46,40,2529,293,831,258,15.0001,NEAR BAY
13538,-117.3,34.15,38,740,163,332,138,2.4107,INLAND
4248,-118.32,34.14,23,4574,1423,1624,995,4.0965,<1H OCEAN
5943,-117.88,34.14,32,1764,365,924,329,3.875,INLAND
18563,-121.75,36.91,32,1461,422,1494,416,2.8056,<1H OCEAN
2293,-119.77,36.8,24,3748,770,1827,719,2.7222,INLAND
12442,-116.08,33.86,16,381,89,182,75,2.425,INLAND
6778,-118.17,34.12,37,2246,481,995,459,4.2944,<1H OCEAN
2140,-119.75,36.77,32,1962,399,1005,392,2.6726,INLAND
16222,-121.35,37.96,21,1343,183,462,193,5.8995,INLAND
2024,-119.78,36.71,35,1987,394,1233,383,1.3587,INLAND
2616,-124.09,40.95,18,2250,484,1248,472,2.5893,NEAR OCEAN
1896,-120.02,38.92,24,1194,246,414,151,3.2396,INLAND
442,-122.28,37.88,52,957,188,403,172,3.2344,NEAR BAY
932,-122.05,37.54,25,4209,731,2568,703,5.2882,NEAR BAY
13033,-121.2,38.66,17,1605,217,732,241,5.47,INLAND
22,-122.27,37.84,52,2436,541,1015,478,1.725,NEAR BAY
18640,-121.98,36.98,29,2681,632,1652,620,3.075,NEAR OCEAN
1819,-122.32,37.94,47,1911,283,697,275,6.2712,NEAR BAY
37,-122.28,37.83,52,1511,390,901,403,1.4103,NEAR BAY
17616,-121.93,37.28,10,3163,832,1537,797,4.1674,<1H OCEAN
5501,-118.43,33.99,35,2243,495,1135,465,4.3281,<1H OCEAN
13356,-117.6,34.03,16,1499,232,918,239,5.5677,INLAND
13535,-117.32,34.16,9,711,139,316,152,4.0156,INLAND
1710,-122.31,37.99,25,6508,1137,3259,1081,4.2348,NEAR BAY
680,-122.15,37.68,30,2261,443,929,383,4.2841,NEAR BAY
15261,-117.26,33.02,9,4632,759,1724,685,6.3712,NEAR OCEAN
14239,-117.09,32.7,15,869,217,887,216,1.4583,NEAR OCEAN
10992,-117.81,33.73,23,3056,556,1508,555,4.7273,<1H OCEAN
19611,-121.13,37.47,37,1995,448,1559,443,2.1833,INLAND
5888,-118.33,34.15,44,1321,303,471,301,4.2679,<1H OCEAN
1522,-122.07,37.91,33,1550,277,638,254,3.6833,NEAR BAY
17048,-122.27,37.47,44,3022,473,1235,477,6.7058,NEAR OCEAN
6949,-118.08,34,32,1165,358,997,361,0.9817,<1H OCEAN
1704,-122.3,37.97,35,1811,377,911,340,3.375,NEAR BAY
5882,-118.34,34.17,46,1718,344,756,343,3.2125,<1H OCEAN
12833,-121.41,38.69,28,1601,308,848,305,3.6429,INLAND
6589,-118.2,34.2,44,2890,438,1219,429,6.987,<1H OCEAN
4375,-118.28,34.1,48,805,246,633,235,2.3421,<1H OCEAN
3181,-119.77,36.31,14,3677,863,2191,785,2.6218,INLAND
16287,-121.28,37.91,31,820,179,576,155,1.69,INLAND
10608,-117.78,33.68,14,1750,336,852,300,4.6793,<1H OCEAN
11498,-118.04,33.72,14,4494,1048,2222,963,4.7821,<1H OCEAN
16942,-122.31,37.56,52,2351,494,1126,482,3.9688,NEAR OCEAN
20558,-121.8,38.67,10,2086,380,1073,378,4.5526,INLAND
8560,-118.41,33.92,22,2340,584,1141,554,4.5729,<1H OCEAN
6096,-117.87,34.12,34,1004,220,772,217,3.8571,<1H OCEAN
14955,-116.97,32.75,28,3519,583,1720,590,4.7973,<1H OCEAN
4114,-118.41,34.14,33,778,143,258,130,5.738,<1H OCEAN
13855,-117.29,34.49,3,7689,1545,3804,1399,3.3871,INLAND
3476,-118.52,34.32,18,7498,976,3189,955,8.1248,<1H OCEAN
5330,-118.45,34.05,23,4099,1287,2103,1217,3.7549,<1H OCEAN
9386,-122.45,37.9,30,3763,717,1292,632,8.4888,NEAR BAY
15655,-122.41,37.79,52,1436,738,1688,662,1.5156,NEAR BAY
2776,-114.98,33.07,18,1183,363,374,127,3.1607,INLAND
6340,-117.9,33.98,20,9893,2283,7228,2159,3.253,<1H OCEAN
11986,-117.51,34.02,24,7779,1835,3996,1765,2.1764,INLAND
5078,-118.29,33.98,48,1124,231,783,223,3.4444,<1H OCEAN
16179,-121.28,37.96,28,1942,724,1618,638,0.9365,INLAND
4231,-118.3,34.11,52,3136,675,1213,606,3.5806,<1H OCEAN
4280,-118.32,34.09,32,563,191,626,185,2.0341,<1H OCEAN
11776,-121.28,38.76,47,2901,631,1276,578,2.1366,INLAND
8169,-118.12,33.81,36,1774,299,784,298,5.0447,<1H OCEAN
875,-122.03,37.56,24,8444,1492,4446,1491,4.6978,NEAR BAY
13851,-117.31,34.51,18,2704,698,1611,597,2.0243,INLAND
6430,-118,34.12,42,870,170,546,164,4.625,INLAND
1223,-120.67,38.19,17,2967,611,1387,564,2.0417,INLAND
19681,-121.62,39.15,36,2321,455,1168,489,3.0962,INLAND
4379,-118.28,34.09,52,2273,663,1480,597,2.3333,<1H OCEAN
12225,-116.9,33.65,15,652,149,248,97,2.1071,INLAND
3074,-119.24,35.77,28,1737,521,1764,514,1.7813,INLAND
8726,-118.37,33.83,35,1207,207,601,213,4.7308,<1H OCEAN
4145,-118.19,34.12,36,2833,720,2148,709,2.7012,<1H OCEAN
2708,-115.64,32.8,23,1228,235,569,235,3.1667,INLAND
11158,-118,33.82,21,2253,580,1536,500,3.2326,<1H OCEAN
7300,-118.2,33.99,33,1134,375,1615,354,2.1468,<1H OCEAN
20427,-118.8,34.19,4,15572,2222,5495,2152,8.6499,<1H OCEAN
18935,-122.18,38.23,21,2475,341,812,308,7.2589,NEAR BAY
5615,-118.25,33.79,39,981,286,1183,298,1.9208,NEAR OCEAN
164,-122.25,37.8,42,4120,1065,1715,1015,2.9345,NEAR BAY
502,-122.27,37.85,47,1375,307,843,319,1.3785,NEAR BAY
13429,-117.45,34.1,6,5571,1316,4048,1154,2.0308,INLAND
14791,-117.11,32.58,28,1869,407,1074,344,2.5988,NEAR OCEAN
10696,-117.74,33.61,17,2116,474,662,443,3.5625,<1H OCEAN
19598,-120.91,37.57,26,3396,705,2446,694,2.0521,INLAND
100,-122.25,37.81,29,4656,1414,2304,1250,2.4912,NEAR BAY
19382,-120.86,37.77,38,1545,279,662,266,3.825,INLAND
4942,-118.28,34.01,46,441,167,621,144,1.8824,<1H OCEAN
19443,-121.04,37.68,18,5129,1171,3622,1128,2.0272,INLAND
2012,-119.83,36.72,28,60,10,46,13,4.35,INLAND
1580,-122.02,37.87,14,3056,369,1209,377,8.4352,NEAR BAY
12573,-121.41,38.53,37,1058,224,588,231,2.9737,INLAND
14891,-117.08,32.62,16,5192,1381,3261,1321,2.2685,NEAR OCEAN
2853,-118.94,35.38,26,4800,831,2365,743,3.7533,INLAND
8417,-118.33,33.93,37,4916,1134,3533,1035,3.2862,<1H OCEAN
6591,-118.19,34.19,34,2061,260,825,254,15.0001,<1H OCEAN
3510,-118.46,34.25,32,2217,422,1064,427,3.6989,<1H OCEAN
9936,-122.3,38.25,18,3548,880,1476,699,3.7188,NEAR BAY
18610,-122.02,37.11,36,2066,401,942,344,5.2417,NEAR OCEAN
19870,-119.36,36.33,11,3221,617,1351,565,2.9844,INLAND
16485,-121.15,38.21,18,4176,700,2164,699,4.0365,INLAND
10125,-117.91,33.94,15,5799,842,2314,787,6.3433,<1H OCEAN
9513,-123.21,39.14,39,1419,262,661,278,3,<1H OCEAN
15757,-122.43,37.77,52,1760,366,742,318,4.445,NEAR BAY
670,-122.16,37.69,36,1118,219,625,228,3.7813,NEAR BAY
14711,-117.08,32.78,21,2919,496,984,443,4.625,NEAR OCEAN
20573,-122.05,38.56,20,1005,168,457,157,5.679,INLAND
8442,-118.36,33.9,42,1935,388,1136,379,4.74,<1H OCEAN
19341,-122.87,38.62,52,1514,348,767,354,2.1903,<1H OCEAN
19,-122.27,37.84,52,1503,298,690,275,2.6033,NEAR BAY
12259,-116.95,33.79,20,2399,546,1726,542,1.8845,INLAND
1157,-121.47,39.51,19,3720,636,1304,607,2.6921,INLAND
9502,-123.54,39.17,18,2251,510,1032,369,2.2946,<1H OCEAN
7653,-118.27,33.83,34,1124,245,717,242,3.1667,<1H OCEAN
11230,-117.95,33.82,35,1068,190,514,174,4.0735,<1H OCEAN
1828,-122.31,37.92,12,1895,600,983,519,2.5,NEAR BAY
3528,-118.53,34.27,32,1931,298,948,314,5.3847,<1H OCEAN
67,-122.29,37.8,52,1027,244,492,147,2.6094,NEAR BAY
16917,-122.34,37.57,52,2547,373,876,359,8.2598,NEAR OCEAN
7693,-118.12,33.97,33,3099,839,2025,750,3.183,<1H OCEAN
7773,-118.08,33.91,36,1551,297,1100,322,5.1187,<1H OCEAN
12185,-117.37,33.7,8,4345,865,2425,785,3.2481,<1H OCEAN
9081,-118.2,34.69,5,9076,1503,7694,1278,4.875,INLAND
17463,-119.88,34.43,16,2206,541,1227,554,3.75,NEAR OCEAN
5606,-118.29,33.79,16,1867,571,951,498,3.3427,<1H OCEAN
17683,-121.86,37.29,14,6160,1222,2472,1204,4.1444,<1H OCEAN
10579,-117.69,33.64,16,2592,372,1279,383,6.9741,<1H OCEAN
16838,-122.48,37.57,34,4648,806,2282,814,4.5556,NEAR OCEAN
17695,-121.83,37.29,10,1828,453,1356,409,4.5943,<1H OCEAN
2947,-118.99,35.33,36,1590,367,1311,390,1.6786,INLAND
8740,-118.31,33.81,30,1773,356,905,352,4.3056,<1H OCEAN
3768,-118.43,34.17,37,1982,331,794,340,5.9275,<1H OCEAN
5379,-118.39,34.03,25,3442,1050,1890,914,3.0574,<1H OCEAN
14068,-117.12,32.76,23,2681,717,1279,648,2.1597,NEAR OCEAN
13210,-117.69,34.04,5,4459,896,2028,881,4.0096,INLAND
7822,-118.12,33.91,36,2053,386,1023,394,3,<1H OCEAN
3055,-119.33,35.6,32,2703,683,2682,675,1.4619,INLAND
10856,-117.88,33.69,20,5330,976,2734,1000,5.2138,<1H OCEAN
5991,-117.71,34.09,36,2637,476,1385,483,4.1739,INLAND
10250,-117.86,33.88,19,1621,328,871,322,3.7361,<1H OCEAN
16447,-121.28,38.14,37,3278,623,1431,575,3.3987,INLAND
17031,-122.25,37.5,44,348,79,154,73,4.7708,NEAR OCEAN
18639,-121.97,37,25,990,166,522,185,4.8269,NEAR OCEAN
6036,-117.73,34.06,34,344,108,315,119,3.1786,INLAND
14211,-117.06,32.68,38,1481,317,1080,291,2.85,NEAR OCEAN
15890,-122.38,37.73,40,543,,259,89,2.2167,NEAR BAY
16544,-121.23,37.8,11,2451,665,1155,533,2.2254,INLAND
11234,-117.96,33.8,30,729,131,488,139,4.7667,<1H OCEAN
8788,-118.37,33.79,36,1596,234,654,223,8.2064,NEAR OCEAN
1282,-121.81,38.01,52,1124,245,528,226,2.2639,INLAND
3381,-118.27,34.24,30,2180,369,1050,390,6.3688,<1H OCEAN
14063,-117.13,32.75,20,2271,602,992,520,2.2599,NEAR OCEAN
10193,-117.95,33.86,36,2038,343,1066,346,5.197,<1H OCEAN
7486,-118.21,33.92,35,1669,445,1870,412,3.0417,<1H OCEAN
8587,-118.38,33.89,35,1778,330,732,312,6.5745,<1H OCEAN
4253,-118.35,34.1,18,7432,2793,3596,2270,2.8036,<1H OCEAN
19757,-122.24,40.16,19,2500,509,1293,494,2.035,INLAND
3891,-118.56,34.22,34,1599,294,819,306,4.3194,<1H OCEAN
16970,-122.3,37.55,35,3675,735,1930,715,3.9833,NEAR OCEAN
8005,-118.1,33.85,36,1473,253,713,257,5.9493,<1H OCEAN
17506,-121.9,37.35,52,1034,239,531,223,2.7411,<1H OCEAN
20370,-118.9,34.18,14,2627,328,1121,328,7.0504,<1H OCEAN
5170,-118.27,33.94,30,1041,275,877,270,1.5268,<1H OCEAN
16996,-122.26,37.54,5,1649,388,779,376,6.9635,NEAR BAY
4774,-118.34,34.04,42,2010,494,1203,427,1.9408,<1H OCEAN
3206,-119.64,36.35,30,1765,310,746,298,2.8125,INLAND
8189,-118.13,33.78,31,3039,739,1199,697,3.7232,NEAR OCEAN
10403,-117.49,33.64,3,8874,1302,3191,1027,6.8588,<1H OCEAN
8454,-118.35,33.9,25,3309,902,2299,837,3.0417,<1H OCEAN
14775,-117.08,32.58,15,1462,274,1002,271,3.9698,NEAR OCEAN
4341,-118.3,34.08,34,1562,651,1774,559,1.5685,<1H OCEAN
8394,-118.36,33.96,37,2146,573,2009,592,3.6583,<1H OCEAN
20596,-121.57,39.16,33,2033,375,914,330,2.6964,INLAND
10682,-117.76,33.53,24,2105,346,712,332,10.6349,<1H OCEAN
9284,-122.55,38.07,5,1495,235,555,201,6.7232,NEAR BAY
2150,-119.78,36.77,45,1315,256,666,240,2.3562,INLAND
4640,-118.29,34.06,23,2040,778,2235,697,1.9309,<1H OCEAN
20099,-120.24,37.96,34,1747,395,935,362,1.625,INLAND
15857,-122.39,37.76,52,624,170,410,148,4.0042,NEAR BAY
16295,-121.23,37.95,36,811,168,514,152,2.625,INLAND
126,-122.22,37.84,50,2935,473,1031,479,7.5,NEAR BAY
13977,-116.98,34.07,21,739,125,199,82,4.8958,INLAND
12328,-116.53,33.95,18,2990,648,1280,532,2.625,INLAND
1139,-121.57,39.74,17,1619,292,705,285,2.4623,INLAND
4862,-118.27,34.03,50,395,232,948,243,1.7546,<1H OCEAN
7041,-118.09,33.93,36,1585,323,1205,343,4.5306,<1H OCEAN
19192,-122.68,38.45,36,1686,303,744,304,4.0139,<1H OCEAN
7110,-118.02,33.9,36,2417,421,1276,426,5.5601,<1H OCEAN
5623,-118.26,33.77,36,886,253,809,219,2.4545,NEAR OCEAN
9563,-120.62,37.36,15,3455,729,2014,659,3.2656,INLAND
8352,-118.33,33.96,24,6513,1290,2636,1271,4.2099,<1H OCEAN
7292,-118.22,33.98,34,2225,753,2980,736,1.6685,<1H OCEAN
17527,-121.88,37.34,40,1547,625,1493,543,1.2887,<1H OCEAN
16509,-121.11,37.76,22,2606,411,1252,397,4.1833,INLAND
14654,-117.14,32.8,33,2670,435,1256,431,3.9417,NEAR OCEAN
16709,-120.48,35.05,24,2314,468,1549,463,2.8203,<1H OCEAN
9405,-122.53,37.87,20,1814,282,658,253,7.9977,NEAR BAY
3330,-122.48,38.9,10,304,63,161,61,2.1964,INLAND
4832,-118.29,34.04,44,1941,579,2049,535,2.0405,<1H OCEAN
942,-122.03,37.53,18,1746,437,1268,404,3.256,NEAR BAY
1593,-122.14,37.9,32,5738,746,2099,732,10.3224,NEAR BAY
10199,-117.93,33.87,10,1277,488,730,417,1.4803,<1H OCEAN
13195,-117.71,34.07,24,1948,362,1286,364,3.6,INLAND
2278,-119.77,36.79,34,2679,460,1141,470,3.2642,INLAND
18147,-122.04,37.35,28,1582,264,696,270,5.678,<1H OCEAN
13889,-116.57,35.43,8,9975,1743,6835,1439,2.7138,INLAND
6175,-117.93,34.08,36,1597,285,901,272,4.3947,<1H OCEAN
3606,-118.48,34.23,29,3354,707,1752,650,4.5484,<1H OCEAN
18061,-122.01,37.25,31,1574,193,551,191,10.2311,<1H OCEAN
15444,-117.26,33.19,2,2629,509,1044,522,4.2361,NEAR OCEAN
12841,-121.46,38.66,3,3438,603,1602,554,3.9914,INLAND
7495,-118.25,33.93,38,180,43,246,56,2.85,<1H OCEAN
577,-122.06,37.73,5,3596,467,1738,512,7.0568,NEAR BAY
182,-122.23,37.8,51,1590,414,949,392,1.9028,NEAR BAY
12277,-117.02,33.95,5,1822,367,798,313,2.8783,INLAND
19309,-122.81,38.36,18,2399,389,1131,391,5.2769,<1H OCEAN
14074,-117.12,32.76,27,1426,364,792,353,2.0673,NEAR OCEAN
3529,-118.53,34.26,18,3674,,1590,550,8.176,<1H OCEAN
12922,-121.32,38.66,21,1276,208,501,205,3.95,INLAND
9814,-121.93,36.62,34,2351,,1063,428,3.725,NEAR OCEAN
19978,-118.86,35.9,38,298,55,161,47,4.125,INLAND
12648,-121.47,38.5,17,1895,424,620,417,1.7188,INLAND
6697,-118.11,34.14,52,2401,332,810,308,6.0948,<1H OCEAN
1698,-122.29,37.98,27,2133,347,850,350,5.1046,NEAR BAY
8210,-118.18,33.78,36,1697,550,1379,434,1.2746,NEAR OCEAN
4382,-118.26,34.09,36,3503,833,2652,788,3.8448,<1H OCEAN
16256,-121.26,37.97,31,1189,295,891,292,2.5536,INLAND
9646,-120.85,37.05,32,2893,481,1198,466,3.1719,INLAND
15747,-122.44,37.78,52,2911,753,1696,676,2.5721,NEAR BAY
3084,-118.47,35.72,18,4754,1075,1366,690,2.0694,INLAND
2231,-119.78,36.84,7,4907,1075,2014,909,3.2147,INLAND
518,-122.24,37.82,52,3665,517,1470,520,6.155,NEAR BAY
3564,-118.56,34.23,36,2406,432,1242,454,4.6944,<1H OCEAN
1886,-119.98,38.93,25,1262,293,534,226,2.6607,INLAND
19401,-120.95,37.73,12,3609,712,2650,742,2.8565,INLAND
435,-122.3,37.88,45,453,146,749,137,1.475,NEAR BAY
13058,-121.27,38.61,17,6663,1369,2840,1299,2.9452,INLAND
15985,-122.47,37.76,52,2465,489,1170,498,4.0793,NEAR BAY
17209,-119.72,34.43,33,1028,377,753,356,2.3454,<1H OCEAN
5731,-118.21,34.16,25,434,74,199,75,5.9199,<1H OCEAN
3995,-118.58,34.17,29,3393,574,1471,587,6.2064,<1H OCEAN
2754,-115.49,32.67,24,1266,275,1083,298,1.4828,INLAND
18711,-122.42,40.59,24,5045,972,2220,979,2.6792,INLAND
7091,-118.01,33.92,35,1606,289,829,273,5.273,<1H OCEAN
5002,-118.32,34.01,52,3104,645,1498,581,2.6667,<1H OCEAN
3634,-118.43,34.23,35,1225,228,720,231,3.4013,<1H OCEAN
8214,-118.19,33.78,29,1170,369,1398,373,2.2543,NEAR OCEAN
17641,-121.9,37.25,28,2714,502,1389,490,5.7385,<1H OCEAN
16719,-120.65,35.48,19,2310,471,1341,441,3.225,<1H OCEAN
2109,-119.75,36.75,50,1515,294,852,297,1.9955,INLAND
8318,-118.48,33.43,29,716,214,422,173,2.6042,ISLAND
4849,-118.31,34.02,52,1832,441,1186,420,1.2434,<1H OCEAN
11922,-117.38,33.96,30,3153,623,1544,575,3.4491,INLAND
11861,-120.71,40.13,19,897,180,276,110,2.9554,INLAND
2570,-124.14,40.77,27,3046,605,1407,571,2.9143,NEAR OCEAN
19578,-120.86,37.69,5,6660,1217,3012,1087,3.0809,INLAND
18880,-122.26,38.1,30,3317,1058,1794,990,1.1835,NEAR BAY
2030,-119.74,36.72,25,3972,842,2863,729,2.1304,INLAND
1833,-122.3,37.91,39,2686,569,1159,559,2.9441,NEAR BAY
15521,-117.07,33.13,33,555,165,612,176,2.1786,<1H OCEAN
8828,-118.36,34.09,36,1390,458,874,468,2.5812,<1H OCEAN
17361,-120.41,34.87,32,1997,317,866,281,5.062,<1H OCEAN
7631,-118.29,33.84,11,2274,617,1897,622,3.5094,<1H OCEAN
7708,-118.14,33.95,44,1812,338,822,314,6.7744,<1H OCEAN
16548,-121.22,37.82,13,4452,949,2740,937,3.1964,INLAND
6875,-118.11,34.07,39,1270,299,1073,278,3.3088,<1H OCEAN
2088,-119.8,36.75,46,2625,593,1368,551,1.5273,INLAND
9123,-118.09,34.57,4,9761,1683,4970,1535,4.5266,INLAND
3241,-119.56,36.08,37,766,189,639,190,1.6607,INLAND
11590,-118.01,33.78,26,2343,377,1166,373,6,<1H OCEAN
15258,-117.25,33.03,6,3416,493,1319,467,6.9326,NEAR OCEAN
17738,-121.78,37.31,25,2093,297,983,338,6.4664,<1H OCEAN
8356,-118.32,33.97,52,1590,302,844,295,2.7139,<1H OCEAN
3917,-118.53,34.19,32,2618,692,1961,633,2.625,<1H OCEAN
12994,-121.25,38.69,24,1014,185,606,194,4.1607,INLAND
12843,-121.37,38.69,29,2103,380,1124,387,3.0833,INLAND
12913,-121.32,38.62,33,898,190,470,201,2.6897,INLAND
17930,-121.96,37.35,32,1484,274,673,272,5.2019,<1H OCEAN
15493,-117.2,33.12,18,4372,736,1473,675,5.1194,NEAR OCEAN
12242,-116.97,33.75,22,3740,965,2011,824,1.3039,INLAND
3903,-118.51,34.19,35,2537,418,1161,421,5.3028,<1H OCEAN
12195,-117.28,33.66,15,4573,928,2513,832,2.6949,<1H OCEAN
6626,-118.14,34.18,50,1493,326,1000,323,3.3068,<1H OCEAN
18548,-122.02,36.97,39,2124,661,1365,606,1.6642,NEAR OCEAN
4763,-118.36,34.04,48,1769,429,993,405,2.3214,<1H OCEAN
793,-122.09,37.64,36,1180,212,664,200,5.2838,NEAR BAY
3560,-118.59,34.25,15,9716,2387,4992,2225,3.6231,<1H OCEAN
891,-121.94,37.54,27,3715,526,1631,538,6.2179,<1H OCEAN
4760,-118.35,34.04,36,1956,601,1672,546,1.8685,<1H OCEAN
12752,-121.37,38.62,43,1077,199,447,182,3.0139,INLAND
6673,-118.11,34.15,26,2193,558,1186,559,3.6474,<1H OCEAN
13646,-117.31,34.08,43,1697,387,1181,352,1.9234,INLAND
13579,-117.3,34.13,52,1859,395,968,333,1.2034,INLAND
12961,-121.3,38.72,15,2514,482,1166,503,2.2813,INLAND
13199,-117.69,34.06,25,1881,433,1337,417,2.5536,INLAND
9656,-120.64,36.99,23,2363,449,1168,410,2.2794,INLAND
2671,-115.73,33.09,27,452,103,258,61,2.9,INLAND
13393,-117.59,34.03,16,3443,562,2130,564,5.0769,INLAND
5467,-118.47,33.99,52,1523,447,636,408,3.0682,<1H OCEAN
4277,-118.31,34.09,34,2065,839,2626,775,1.8214,<1H OCEAN
11927,-117.37,33.95,32,2215,351,771,311,4.3542,INLAND
2705,-115.59,32.85,20,1608,274,862,248,4.875,INLAND
7519,-118.26,33.91,39,935,210,711,193,2.4375,<1H OCEAN
12485,-121.48,38.58,42,1823,566,761,503,1.245,INLAND
10377,-117.64,33.63,10,4814,643,1808,588,8.798,<1H OCEAN
6993,-118.02,33.95,36,1681,329,964,311,4.108,<1H OCEAN
4213,-118.27,34.14,29,3768,1211,2320,1030,2.7685,<1H OCEAN
355,-122.16,37.76,46,1827,307,881,302,4.6696,NEAR BAY
11677,-118,33.86,32,1162,196,563,178,3.875,<1H OCEAN
7636,-118.28,33.82,26,4586,1042,3680,1027,4.174,<1H OCEAN
5652,-118.29,33.73,21,2492,711,1699,672,2.1382,NEAR OCEAN
2017,-119.8,36.72,19,1334,336,1171,319,1.0481,INLAND
5525,-118.37,33.97,32,6699,1781,2725,1544,3.3889,<1H OCEAN
18871,-122.21,38.09,37,4368,779,2083,741,3.8667,NEAR BAY
19276,-122.74,38.42,42,2050,434,1073,416,2.375,<1H OCEAN
14610,-117.18,32.8,10,3821,631,1605,609,5.5454,NEAR OCEAN
13599,-117.25,34.16,31,1516,238,596,255,4.3362,INLAND
18873,-122.22,38.08,37,2811,,1574,516,3.1053,NEAR BAY
8709,-118.35,33.85,34,1770,291,916,289,5,<1H OCEAN
9152,-118.53,34.45,26,828,149,508,158,5.2374,<1H OCEAN
14722,-117.03,32.8,19,3866,775,1554,703,4.3281,<1H OCEAN
10528,-117.71,33.54,15,2460,368,962,320,7.3878,<1H OCEAN
13978,-116.88,34.08,52,3419,777,710,265,3.9028,INLAND
20457,-118.77,34.28,6,4685,965,2180,909,4.5458,<1H OCEAN
15636,-122.41,37.8,52,3697,837,1446,711,5.866,NEAR BAY
8760,-118.44,33.81,33,3994,990,1647,931,5.0106,NEAR OCEAN
4442,-118.21,34.09,39,1561,445,1780,391,2.4632,<1H OCEAN
11514,-118.07,33.72,32,1179,250,369,209,5.1824,NEAR OCEAN
18203,-122.05,37.38,23,3200,907,2029,866,3.5649,<1H OCEAN
7371,-118.22,33.97,47,1147,297,1097,307,2.6384,<1H OCEAN
16119,-122.46,37.78,52,2165,580,1067,530,2.9293,NEAR BAY
14367,-117.24,32.74,43,2216,375,918,388,5.5289,NEAR OCEAN
597,-122.07,37.7,39,1420,272,645,277,4.125,NEAR BAY
5408,-118.45,34.03,41,2083,528,993,481,4.0231,<1H OCEAN
234,-122.19,37.79,28,3144,761,1737,669,2.9297,NEAR BAY
17599,-121.89,37.31,47,2986,627,1399,613,3.7455,<1H OCEAN
11615,-118.06,33.8,22,1892,442,1015,404,4.1379,<1H OCEAN
8890,-118.5,34.02,28,5109,1482,2313,1451,3.3266,<1H OCEAN
13754,-117.15,34.04,14,2845,420,1172,377,7.5822,INLAND
17092,-122.23,37.47,39,5264,1259,3057,1265,3.623,NEAR OCEAN
6381,-118.04,34.18,37,3134,532,1220,508,5.2865,INLAND
3060,-119.14,35.76,30,735,137,421,113,2.5625,INLAND
16254,-121.26,37.98,41,1633,433,885,413,0.9782,INLAND
378,-122.17,37.74,34,1223,281,824,280,2.2917,NEAR BAY
293,-122.16,37.77,39,1583,349,857,316,3.0958,NEAR BAY
3332,-122.6,38.9,23,292,56,92,41,2.9583,INLAND
6488,-118.01,34.09,29,3402,747,2331,690,3.6094,INLAND
18733,-122.39,40.53,28,1427,304,692,285,2.125,INLAND
17133,-122.15,37.47,39,1295,239,566,242,5.6407,NEAR BAY
12357,-116.5,33.69,20,4810,1074,1304,740,2.25,INLAND
3298,-122.63,38.96,17,1708,459,633,312,1.75,INLAND
12800,-121.46,38.61,43,705,178,464,159,2.4205,INLAND
3750,-118.38,34.18,27,4834,1527,3847,1432,2.1449,<1H OCEAN
9567,-120.61,37.35,34,1900,401,1009,385,2.2222,INLAND
19712,-121.64,39.15,15,2659,396,1159,407,5.234,INLAND
10713,-117.84,33.66,5,665,171,384,171,4.5833,<1H OCEAN
18435,-121.83,37.26,15,3243,551,1752,551,5.5849,<1H OCEAN
4126,-118.21,34.14,44,1681,407,1105,387,3.2222,<1H OCEAN
8226,-118.2,33.78,48,1766,497,1908,466,1.9872,NEAR OCEAN
12697,-121.42,38.6,36,1327,209,613,230,3.8672,INLAND
6920,-118.05,34.02,31,40,8,25,7,2.125,<1H OCEAN
15319,-117.35,33.2,23,3297,728,1793,622,2.5754,NEAR OCEAN
10703,-117.71,33.6,8,3329,753,1312,629,3.5521,<1H OCEAN
14788,-117.13,32.58,32,1870,437,1142,426,2.3194,NEAR OCEAN
3601,-118.49,34.23,32,4373,683,2040,693,5.2668,<1H OCEAN
9462,-123.8,39.47,28,2492,507,1202,460,2.7857,<1H OCEAN
5533,-118.42,33.96,44,1282,216,494,209,5.618,<1H OCEAN
7721,-118.11,33.94,32,2098,378,1036,385,5.0258,<1H OCEAN
14261,-117.12,32.7,36,1011,253,763,226,1.8187,NEAR OCEAN
3548,-118.61,34.25,16,8295,1506,3903,1451,5.5111,<1H OCEAN
4875,-118.28,34.03,26,2107,809,2821,572,0.844,<1H OCEAN
11658,-118.02,33.82,21,2052,456,1173,432,3.7885,<1H OCEAN
13403,-117.47,34.12,6,10565,1767,5690,1555,4.1797,INLAND
13048,-121.31,38.59,35,3295,560,1454,536,3.1711,INLAND
3526,-118.51,34.27,36,2276,429,1001,419,4.1042,<1H OCEAN
15900,-122.41,37.74,38,1754,382,928,354,4.1417,NEAR BAY
11971,-117.45,34.01,26,3042,598,1720,551,2.76,INLAND
9454,-123.23,39.77,25,2075,435,991,377,1.2281,INLAND
9480,-123.36,39.4,21,1081,254,715,275,1.5625,<1H OCEAN
5165,-118.29,33.95,39,1701,428,1468,411,1.9702,<1H OCEAN
18474,-121.66,37.13,20,4477,924,2656,871,3.8788,<1H OCEAN
11833,-120.18,39.28,14,10098,1545,701,254,4.0819,INLAND
8244,-118.18,33.78,52,1180,381,1046,332,1.5603,NEAR OCEAN
16590,-121.44,37.74,25,456,116,370,106,3.1319,INLAND
1624,-122.14,37.84,24,2131,343,874,373,5.6349,NEAR BAY
2723,-115.5,32.75,13,330,72,822,64,3.4107,INLAND
5578,-118.3,33.85,38,123,36,142,40,2.3942,<1H OCEAN
9437,-119.95,37.47,32,1312,315,600,265,1.5,INLAND
14441,-117.25,32.81,32,2402,551,1020,532,3.3942,NEAR OCEAN
10483,-117.68,33.59,8,2327,263,899,236,14.9009,<1H OCEAN
18534,-122.01,36.97,43,2162,509,1208,464,2.5417,NEAR OCEAN
4455,-118.17,34.09,45,1327,271,1069,284,3.3977,<1H OCEAN
484,-122.27,37.86,52,2307,583,1127,548,1.8447,NEAR BAY
7114,-118.02,33.92,34,2169,418,1169,406,3.2222,<1H OCEAN
7888,-118.06,33.88,17,7187,1073,3844,1068,6.5901,<1H OCEAN
10458,-117.65,33.48,6,1638,188,572,174,13.0502,<1H OCEAN
8066,-118.17,33.83,46,1362,214,531,222,4.3125,NEAR OCEAN
20339,-119.02,34.24,24,4650,748,2374,702,5.8838,<1H OCEAN
1084,-121.84,39.73,52,957,263,513,223,1.3672,INLAND
16276,-121.26,37.93,33,2109,531,2248,588,1.4583,INLAND
19609,-121.14,37.47,38,2427,450,1272,474,2.8833,INLAND
20320,-119.15,34.25,36,3511,664,2965,695,4.0878,NEAR OCEAN
3821,-118.48,34.19,20,5699,1594,3809,1381,2.8646,<1H OCEAN
3485,-118.55,34.28,16,8879,,3468,1200,8.1125,<1H OCEAN
12847,-121.37,38.69,35,1851,327,1007,286,3.2361,INLAND
10319,-117.79,33.84,9,10484,1603,4005,1419,8.3931,<1H OCEAN
16847,-122.41,37.61,46,2975,643,1479,577,3.8214,NEAR OCEAN
12070,-117.6,33.85,9,6538,955,2928,892,5.3006,<1H OCEAN
17274,-119.7,34.41,19,2086,575,1701,530,2.8042,NEAR OCEAN
1783,-122.36,37.94,26,1540,343,1007,338,1.3365,NEAR BAY
1004,-121.79,37.69,25,6296,1082,3200,1047,4.5357,INLAND
7871,-118.14,33.89,37,1159,238,740,243,4.9107,<1H OCEAN
17942,-121.94,37.34,36,3142,632,1372,560,5.0175,<1H OCEAN
12976,-121.31,38.67,27,1998,353,970,343,4.8224,INLAND
15792,-122.42,37.77,52,1176,493,1136,436,1.375,NEAR BAY
10253,-117.87,33.88,25,1808,440,1342,454,3.025,<1H OCEAN
11254,-117.99,33.81,46,38,8,66,14,4.1667,<1H OCEAN
2924,-119.01,35.37,38,1702,380,1191,366,1.8801,INLAND
3711,-118.4,34.2,13,4859,1293,3351,1200,3.6875,<1H OCEAN
18708,-122.41,40.58,35,2072,385,1029,375,2.8512,INLAND
4709,-118.35,34.06,52,1368,322,617,303,5.3819,<1H OCEAN
9122,-118.1,34.57,7,20377,4335,11973,3933,3.3086,INLAND
15652,-122.41,37.8,52,3260,1535,3260,1457,0.9,NEAR BAY
19877,-119.25,36.36,16,3245,469,1471,450,5.8673,INLAND
3647,-118.45,34.22,8,2609,786,1803,695,2.7714,<1H OCEAN
6290,-117.92,34.05,36,2241,419,1743,448,4.6587,<1H OCEAN
18160,-122.04,37.35,20,2016,313,767,310,6.837,<1H OCEAN
4195,-118.23,34.11,31,1021,191,495,191,5.5051,<1H OCEAN
17247,-119.7,34.43,52,1364,460,804,400,2.375,<1H OCEAN
480,-122.28,37.86,41,2214,550,1213,568,2.2845,NEAR BAY
1537,-122.04,37.9,20,5467,1044,2310,963,5.6986,NEAR BAY
280,-122.18,37.8,34,1355,195,442,195,6.2838,NEAR BAY
2061,-119.68,36.62,31,834,229,616,211,1.6602,INLAND
6132,-117.98,34.07,28,441,106,504,108,2.9107,INLAND
4240,-118.32,34.11,33,5135,1450,2404,1292,3.2462,<1H OCEAN
6013,-117.78,34.06,25,1712,491,1807,478,2.2258,INLAND
5141,-118.27,33.96,38,977,295,1073,292,1.0208,<1H OCEAN
14403,-117.25,32.78,36,1527,427,710,312,2.7857,NEAR OCEAN
7896,-118.07,33.86,17,3666,562,2104,579,5.6818,<1H OCEAN
15629,-122.4,37.81,12,1349,349,536,334,7.7852,NEAR BAY
16777,-122.47,37.69,34,1954,357,1130,367,4.6447,NEAR OCEAN
14299,-117.14,32.71,34,1694,455,1467,425,2.1164,NEAR OCEAN
14838,-117.1,32.68,49,1412,350,1200,332,2.0398,NEAR OCEAN
7901,-118.04,33.87,18,4626,822,2794,763,5.6917,<1H OCEAN
8723,-118.37,33.84,35,1792,322,978,326,4.9583,<1H OCEAN
7986,-118.17,33.86,10,1664,508,1369,493,2.9886,<1H OCEAN
10147,-117.92,33.91,33,2868,382,1204,412,6.1825,<1H OCEAN
14536,-117.14,32.93,16,2412,419,1612,422,4.5086,<1H OCEAN
5101,-118.31,33.97,48,1541,314,819,312,3.0917,<1H OCEAN
1284,-121.82,38.01,42,1017,253,798,266,2.1719,INLAND
6738,-118.08,34.12,41,1598,280,807,282,5.5067,<1H OCEAN
15961,-122.43,37.71,52,1410,286,879,282,3.1908,NEAR BAY
1895,-120.02,38.91,22,2138,493,829,330,2.2056,INLAND
1686,-122.26,37.98,28,2038,329,947,349,5.1178,NEAR BAY
8838,-118.38,34.08,30,4524,1312,1910,1243,2.8889,<1H OCEAN
18145,-122.04,37.34,28,3081,460,1260,461,7.5372,<1H OCEAN
17624,-121.95,37.26,10,3611,803,1599,716,5.2,<1H OCEAN
4728,-118.36,34.05,48,1825,404,728,363,3.3824,<1H OCEAN
12438,-116.19,33.67,16,1859,476,1994,477,1.7297,INLAND
3913,-118.55,34.2,31,1963,420,1494,415,3.5313,<1H OCEAN
5062,-118.28,33.99,37,1971,513,1673,464,1.4625,<1H OCEAN
13079,-121.34,38.55,11,2838,498,1701,504,4.1447,INLAND
8346,-118.32,33.94,38,1067,170,499,169,4.6389,<1H OCEAN
16694,-120.65,35.12,19,2949,662,1425,548,2.9615,<1H OCEAN
15952,-122.45,37.72,52,1729,319,890,300,4.3036,NEAR BAY
8239,-118.18,33.77,36,1833,688,1128,620,1.1483,NEAR OCEAN
9582,-120.49,37.32,10,1275,255,620,240,3.0263,INLAND
5993,-117.72,34.09,36,1473,328,785,299,3.2566,INLAND
4926,-118.25,34,29,1419,363,1696,317,2.2813,<1H OCEAN
4498,-118.21,34.05,26,745,258,694,236,1.3846,<1H OCEAN
1745,-122.35,37.95,31,2449,595,1801,548,2.6328,NEAR BAY
177,-122.24,37.8,47,2046,588,1213,554,2.6292,NEAR BAY
20388,-118.9,34.2,16,6510,817,2304,778,7.9943,<1H OCEAN
883,-121.97,37.56,13,8918,1823,4518,1772,4.8052,<1H OCEAN
12984,-121.3,38.67,20,1234,208,649,211,4.8523,INLAND
18463,-121.7,37.2,15,531,154,469,155,4.65,<1H OCEAN
19076,-122.49,38.29,26,1726,289,672,251,3.8,<1H OCEAN
5179,-118.26,33.95,44,1771,378,1296,399,1.6389,<1H OCEAN
14957,-116.97,32.76,33,3071,466,1348,513,6.1768,<1H OCEAN
3980,-118.61,34.19,34,703,127,369,127,4.3125,<1H OCEAN
11829,-120.87,39.18,25,2691,598,964,373,3.9196,INLAND
15307,-117.37,33.19,18,975,382,650,286,1.9562,NEAR OCEAN
13182,-117.71,33.97,10,10856,2278,6474,2199,3.851,INLAND
15533,-117.1,33.14,7,10665,2576,4917,2424,2.3171,<1H OCEAN
16153,-122.48,37.78,50,2159,437,1111,417,3.5588,NEAR BAY
4316,-118.34,34.09,14,3032,999,1691,841,2.2,<1H OCEAN
15946,-122.44,37.72,52,2890,571,1769,541,3.8274,NEAR BAY
9082,-118.17,34.69,12,4881,803,2188,724,4.1667,INLAND
2606,-124.1,41.04,26,1633,380,890,370,1.9741,NEAR OCEAN
2578,-124.06,40.86,34,4183,,1891,669,3.2216,NEAR OCEAN
14794,-117.12,32.58,26,1360,309,869,328,3.0217,NEAR OCEAN
10826,-117.93,33.65,27,1283,406,1063,376,2.75,<1H OCEAN
5341,-118.44,34.04,49,32,7,14,7,2.1875,<1H OCEAN
1893,-120.01,38.92,23,964,246,485,198,1.7188,INLAND
16933,-122.33,37.57,20,2126,643,1112,597,3.625,NEAR OCEAN
4217,-118.27,34.11,39,3825,916,1378,746,4.4094,<1H OCEAN
10883,-117.89,33.71,16,1591,225,926,239,6.2452,<1H OCEAN
1963,-120.58,38.77,15,2155,394,857,356,4.03,INLAND
20593,-121.58,39.16,36,1206,197,537,204,3.3611,INLAND
14228,-117.04,32.68,14,1320,270,943,260,5.0947,NEAR OCEAN
18627,-121.96,37.1,20,922,155,361,135,6.3617,<1H OCEAN
15846,-122.43,37.75,40,4850,977,1824,952,5.0519,NEAR BAY
10844,-117.9,33.67,26,2507,393,1333,392,6.1601,<1H OCEAN
11131,-117.93,33.85,31,2149,465,966,302,3.875,<1H OCEAN
12827,-121.42,38.7,10,2562,460,1478,433,4.0625,INLAND
8915,-118.46,34.03,52,523,,317,130,2.2794,<1H OCEAN
19048,-121.83,38.45,32,2139,440,1154,411,3.2672,INLAND
5944,-117.88,34.13,33,3713,718,2106,720,4.0023,<1H OCEAN
3569,-118.58,34.22,35,1969,339,950,340,4.875,<1H OCEAN
13717,-117.19,34.08,22,2467,555,1567,494,2.6536,INLAND
9067,-118.16,34.71,27,6007,998,2680,882,4.1719,INLAND
12213,-117.18,33.51,13,270,42,120,42,6.993,<1H OCEAN
19193,-122.69,38.44,40,1449,281,636,295,2.7222,<1H OCEAN
14621,-117.17,32.78,17,3845,1051,3102,944,2.3658,NEAR OCEAN
9306,-122.54,37.99,32,2236,348,818,330,7.3521,NEAR BAY
19591,-120.88,37.57,22,1440,267,774,249,3.9821,INLAND
2714,-115.55,32.82,34,1540,316,1013,274,2.5664,INLAND
2739,-115.57,32.78,25,2007,301,1135,332,5.128,INLAND
11226,-117.94,33.81,26,1589,259,735,315,4.5714,<1H OCEAN
5829,-118.3,34.19,52,2962,468,1364,466,4.9042,<1H OCEAN
5644,-118.29,33.75,27,1650,443,1359,386,2.5795,NEAR OCEAN
1609,-122.07,37.86,23,1025,205,263,191,3.12,NEAR BAY
8765,-118.38,33.81,41,1889,301,802,278,6.015,NEAR OCEAN
5241,-118.39,34.12,29,6447,1012,2184,960,8.2816,<1H OCEAN
1662,-121.93,37.93,16,2876,391,1089,377,6.299,INLAND
911,-122.01,37.54,32,2572,406,1128,395,5,NEAR BAY
17237,-119.66,34.43,27,5509,1059,2591,979,3.8456,<1H OCEAN
6161,-117.94,34.08,32,2704,514,1669,497,4.4653,<1H OCEAN
7731,-118.14,33.92,31,3731,853,2313,801,3.2237,<1H OCEAN
16335,-121.35,38.04,5,4303,613,2206,621,5.5842,INLAND
9101,-117.93,34.57,5,5613,1060,3569,999,3.1946,INLAND
1684,-122.31,38.01,18,4123,874,1895,772,3.2759,NEAR BAY
18884,-122.25,38.1,52,1591,372,817,357,2.1411,NEAR BAY
5372,-118.38,34.04,45,767,130,254,118,6.2895,<1H OCEAN
1224,-120.57,38.2,13,4110,847,1796,706,2.6417,INLAND
16079,-122.49,37.74,48,1186,213,487,207,3.8333,NEAR OCEAN
10625,-117.77,33.72,9,2153,316,954,324,7.8139,<1H OCEAN
15112,-116.98,32.86,19,2121,341,1236,353,4.7717,<1H OCEAN
6162,-117.94,34.08,34,1970,476,1269,406,4.064,<1H OCEAN
9927,-122.31,38.31,32,2577,458,1172,447,3.8796,NEAR BAY
8759,-118.38,33.81,20,1975,306,703,292,8.5491,NEAR OCEAN
9578,-120.49,37.26,28,2159,416,1283,378,1.8939,INLAND
6029,-117.75,34.07,52,1279,213,444,204,5.2269,INLAND
13388,-117.59,34.1,17,3646,1035,1987,895,2.3603,INLAND
13583,-117.29,34.13,44,2337,563,1238,467,1.5156,INLAND
1668,-122.2,37.96,9,6306,962,2581,911,6.7741,NEAR BAY
2147,-119.77,36.78,36,3616,779,1994,786,2.5434,INLAND
8854,-118.41,34.07,52,1202,142,408,138,15.0001,<1H OCEAN
13999,-116.9,34.69,10,337,102,108,50,0.4999,INLAND
17144,-122.19,37.45,18,1636,414,853,439,5.1032,NEAR OCEAN
10920,-117.89,33.73,33,1308,375,2175,347,3.0824,<1H OCEAN
5469,-118.47,33.99,37,2155,721,1082,637,3.4071,<1H OCEAN
3098,-117.67,35.65,18,2737,589,1128,533,2.8,INLAND
17314,-120.27,34.72,14,1289,277,693,237,3.2569,<1H OCEAN
9251,-120.09,36.95,16,3222,511,1425,503,4.1544,INLAND
19465,-120.97,37.69,15,4065,841,1986,680,3.072,INLAND
13649,-117.32,34.07,26,971,245,592,207,2.1125,INLAND
433,-122.29,37.88,46,1895,442,920,425,2.9926,NEAR BAY
7829,-118.15,33.91,35,1590,350,1299,335,4.0313,<1H OCEAN
18818,-120.24,39.67,40,690,129,305,110,2.3625,INLAND
4480,-118.17,34.07,37,1155,225,814,241,3.875,<1H OCEAN
5358,-118.4,34.05,34,2113,459,859,432,3.6953,<1H OCEAN
6215,-117.91,34.07,33,2938,561,1519,549,4.5594,<1H OCEAN
7704,-118.14,33.96,34,2744,541,1333,503,4.0536,<1H OCEAN
17475,-119.89,34.44,25,3160,507,1514,523,5.0767,NEAR OCEAN
12673,-121.4,38.49,12,7290,1283,3960,1248,3.5968,INLAND
3977,-118.62,34.19,35,1934,307,905,315,5.5101,<1H OCEAN
4263,-118.33,34.1,43,2732,1646,3049,1429,1.3157,<1H OCEAN
18473,-121.69,37.14,12,4077,590,1618,540,5.2951,<1H OCEAN
18446,-121.82,37.23,23,4487,584,2024,580,7.5218,<1H OCEAN
17967,-121.98,37.31,34,2034,359,1016,375,5.8127,<1H OCEAN
12892,-121.33,38.66,15,4371,908,1842,818,2.7797,INLAND
7868,-118.12,33.88,40,2344,571,1305,544,3.1923,<1H OCEAN
19717,-121.67,39.26,29,3041,683,2106,687,1.6315,INLAND
524,-122.23,37.77,52,772,179,409,160,3.3214,NEAR BAY
18107,-122.01,37.31,23,6846,1078,2951,1063,6.3702,<1H OCEAN
16531,-121.2,37.81,26,395,74,193,72,7.3718,INLAND
2793,-118.3,37.17,22,3480,673,1541,636,2.75,INLAND
4665,-118.3,34.05,31,1744,720,2034,633,2.2684,<1H OCEAN
6373,-118.02,34.15,44,2419,437,1045,432,3.875,INLAND
7413,-118.23,33.96,42,1977,570,2406,557,2.5913,<1H OCEAN
2328,-119.72,36.81,28,1651,305,780,309,2.9453,INLAND
18667,-121.86,37,16,8638,1392,3706,1251,5.503,<1H OCEAN
11591,-118.03,33.78,25,3554,528,1600,537,6.6453,<1H OCEAN
3624,-118.44,34.25,33,1121,231,1038,236,4.8958,<1H OCEAN
8423,-118.35,33.93,25,2260,692,1603,673,2.11,<1H OCEAN
6497,-118.02,34.08,31,2402,632,2830,603,2.3333,INLAND
18976,-122.03,38.25,13,3334,541,1923,538,4.0905,INLAND
18105,-122.04,37.3,25,3807,600,1678,600,6.6818,<1H OCEAN
12774,-121.44,38.61,41,1404,313,765,330,1.8792,INLAND
1185,-121.52,39.48,21,2628,494,1364,468,2.0455,INLAND
5902,-118.43,34.3,33,2443,498,1601,484,4.0223,<1H OCEAN
6059,-117.8,34.02,23,3351,591,1535,522,5.0869,<1H OCEAN
17583,-121.93,37.3,16,2111,485,1285,499,5.0477,<1H OCEAN
6690,-118.08,34.14,52,1282,189,431,187,6.1159,INLAND
16024,-122.46,37.73,52,2857,469,1431,496,5.2088,NEAR BAY
17341,-120.4,34.86,11,1633,348,504,327,2.0508,<1H OCEAN
10862,-117.87,33.7,21,3648,654,2266,628,5.0956,<1H OCEAN
9141,-118.13,34.44,10,2726,465,1773,459,4.8295,INLAND
17181,-122.49,37.54,15,3456,545,1527,535,6.3256,NEAR OCEAN
13290,-117.66,34.07,36,2072,408,964,395,2.8702,INLAND
15603,-116.77,32.82,16,3688,817,1969,767,2.875,<1H OCEAN
11448,-117.98,33.68,14,3396,477,1542,472,7.3982,<1H OCEAN
14156,-117.07,32.76,42,1827,378,880,380,2.5125,NEAR OCEAN
9375,-122.5,37.92,32,2639,415,1013,408,6.1632,NEAR BAY
14641,-117.2,32.79,29,1213,,654,246,4.5987,NEAR OCEAN
16545,-121.24,37.81,6,3883,800,2319,787,3.5595,INLAND
8080,-118.19,33.82,11,872,203,422,221,4.6364,NEAR OCEAN
6353,-117.95,34.14,33,1943,440,1526,353,3.038,INLAND
18047,-121.96,37.25,19,1858,359,790,347,4.5156,<1H OCEAN
1637,-122.2,37.9,36,2107,287,740,280,10.3416,NEAR BAY
16468,-121.27,38.12,37,2232,504,1455,471,2.5587,INLAND
6,-122.25,37.84,52,2535,489,1094,514,3.6591,NEAR BAY
11190,-117.94,33.82,29,1422,409,1057,390,2.3347,<1H OCEAN
8597,-118.37,33.88,20,2439,474,1219,497,5.9619,<1H OCEAN
16526,-121.2,37.8,37,311,61,171,54,4.0972,INLAND
10071,-120.17,39.32,14,2421,489,1000,354,3.5652,INLAND
13501,-117.35,34.15,32,2699,552,2086,551,2.2974,INLAND
19445,-121.02,37.69,19,3814,790,2219,804,3.5208,INLAND
9826,-121.71,36.78,19,2371,324,944,332,5.9175,<1H OCEAN
7570,-118.21,33.89,42,1254,225,929,235,4.3646,<1H OCEAN
14652,-117.15,32.8,41,1413,261,1070,259,2.3578,NEAR OCEAN
5819,-118.25,34.13,36,2946,1025,2542,912,2.2244,<1H OCEAN
15032,-116.99,32.79,33,2420,393,1003,397,4.0658,<1H OCEAN
18488,-121.59,36.97,16,865,123,403,130,5.7396,INLAND
8031,-118.13,33.84,46,2439,429,944,374,4.2841,<1H OCEAN
10819,-117.92,33.64,5,949,287,497,244,2.75,<1H OCEAN
14508,-117.2,32.86,4,4308,1095,1923,932,3.9356,NEAR OCEAN
3244,-119.57,36.1,36,1729,317,737,278,3.5313,INLAND
6068,-117.86,34.01,16,4632,,3038,727,5.1762,<1H OCEAN
8574,-118.44,33.88,35,2020,451,724,399,6.6494,NEAR OCEAN
17749,-121.84,37.34,33,1019,191,938,215,4.0929,<1H OCEAN
17786,-121.82,37.37,40,802,149,445,143,4.0446,<1H OCEAN
9593,-120.46,37.33,4,786,116,368,109,6.3215,INLAND
14312,-117.14,32.7,32,1280,353,1335,330,1.6023,NEAR OCEAN
20178,-119.19,34.3,25,2197,320,934,330,6.311,NEAR OCEAN
14362,-117.22,32.73,38,3966,768,1640,729,3.8409,NEAR OCEAN
14075,-117.12,32.76,28,1605,501,936,460,2.5991,NEAR OCEAN
18865,-122.22,38.11,43,1939,353,968,392,3.1848,NEAR BAY
1044,-120.72,38.42,17,5654,1085,2237,953,3.0465,INLAND
3177,-119.93,36.32,25,8363,1636,7679,1580,2.0285,INLAND
2300,-119.77,36.81,28,1713,302,663,282,3.567,INLAND
8211,-118.18,33.79,27,1580,510,1896,448,2.0186,NEAR OCEAN
440,-122.3,37.88,46,1647,376,854,355,2.9,NEAR BAY
16159,-122.49,37.78,52,2050,439,1109,437,2.6719,NEAR BAY
11005,-117.79,33.77,23,3596,451,1292,458,8.5403,<1H OCEAN
18162,-122.04,37.36,26,3298,460,1241,472,6.8753,<1H OCEAN
20047,-119.01,36.05,27,1127,294,839,276,1.3807,INLAND
18356,-122.14,37.38,26,2859,343,951,336,10.4277,NEAR BAY
19662,-120.85,37.5,52,1724,352,922,348,1.7227,INLAND
15870,-122.41,37.76,52,492,139,316,168,3.0865,NEAR BAY
13879,-117.38,34.44,4,5083,867,2541,856,4.2414,INLAND
15298,-117.35,33.16,10,1684,515,902,449,3.7891,NEAR OCEAN
15003,-117.04,32.75,36,2297,418,1070,392,3.5192,NEAR OCEAN
17827,-121.88,37.37,3,4430,841,2559,801,6.0959,<1H OCEAN
5105,-118.31,33.95,44,1558,333,1095,316,4.0043,<1H OCEAN
10488,-117.68,33.49,16,3084,724,2557,690,2.8357,<1H OCEAN
9572,-120.57,37.35,18,704,176,520,154,3.003,INLAND
16471,-121.25,38.13,25,1305,270,789,235,3.2993,INLAND
15633,-122.41,37.8,52,1724,416,1016,395,3.3839,NEAR BAY
14159,-117.09,32.76,31,2567,624,1255,582,2.5909,NEAR OCEAN
17034,-122.26,37.5,24,2307,510,842,507,3.6111,NEAR OCEAN
6114,-117.9,34.13,37,1801,422,1564,425,3.1597,<1H OCEAN
4950,-118.31,34.01,50,1463,354,912,293,1.7386,<1H OCEAN
4270,-118.33,34.1,48,1116,524,1610,483,1.625,<1H OCEAN
17820,-121.9,37.37,20,78,72,120,69,1.0938,<1H OCEAN
17401,-120.44,34.93,16,2098,558,1252,492,2.1509,<1H OCEAN
14661,-117.13,32.8,15,1606,375,784,342,3.7237,NEAR OCEAN
2794,-117.9,36.95,19,99,26,51,22,1.7292,INLAND
882,-121.96,37.55,4,3746,993,1606,838,4.1387,<1H OCEAN
11782,-121.24,38.78,18,549,143,249,136,0.8691,INLAND
8421,-118.35,33.93,26,3156,857,2394,787,3.01,<1H OCEAN
19770,-122.12,39.91,16,4006,797,2028,752,2.3929,INLAND
13696,-117.2,34.13,14,3998,711,1509,665,3.4138,INLAND
3844,-118.45,34.18,22,2516,826,3350,713,2.0192,<1H OCEAN
20068,-120.39,37.98,52,1056,274,584,255,2.1513,INLAND
14884,-117.07,32.63,37,2372,444,1056,419,3.7583,NEAR OCEAN
10599,-117.8,33.68,5,623,146,396,136,3.631,<1H OCEAN
9325,-122.52,37.96,35,2012,346,818,352,5.2818,NEAR BAY
3415,-118.41,34.29,35,1008,204,1162,215,3.35,<1H OCEAN
220,-122.21,37.8,39,2003,500,1109,464,3.0682,NEAR BAY
14183,-117.07,32.71,39,2754,652,2263,619,2.2454,NEAR OCEAN
3269,-122.94,39.1,18,681,120,272,105,2.8906,INLAND
13359,-117.66,34.02,12,5616,871,3019,782,5.5425,INLAND
16171,-122.5,37.79,52,8,1,13,1,15.0001,NEAR BAY
75,-122.28,37.81,17,1237,462,762,439,0.9241,NEAR BAY
11780,-121.28,38.8,7,9003,1739,4445,1591,3.816,INLAND
11104,-117.88,33.84,34,1410,214,837,240,6.1168,<1H OCEAN
13072,-121.31,38.57,22,1229,253,733,250,2.5,INLAND
9225,-120.06,36.94,19,901,183,700,190,2.2375,INLAND
12592,-121.51,38.52,30,3236,588,1167,569,4.0972,INLAND
3240,-119.56,36.09,14,1267,290,1077,279,1.85,INLAND
766,-122.1,37.66,33,1954,464,1293,448,3.0489,NEAR BAY
18690,-121.75,36.95,27,1580,303,1066,306,4.7071,<1H OCEAN
6280,-117.92,34.03,35,1341,233,898,216,4.1118,<1H OCEAN
193,-122.25,37.79,39,461,129,381,123,1.6,NEAR BAY
2666,-115.52,33.13,18,1109,283,1006,253,2.163,INLAND
6752,-118.09,34.11,36,2966,527,1231,482,4.6442,<1H OCEAN
17799,-121.82,37.38,32,1650,246,768,263,6.8462,<1H OCEAN
18513,-122.01,36.98,47,1250,249,607,234,4.0417,NEAR OCEAN
2574,-124.13,40.78,34,2142,420,1056,382,2.1101,NEAR OCEAN
18219,-122.07,37.41,26,1184,225,815,218,5.7657,NEAR BAY
8694,-118.33,33.86,38,1059,218,561,205,4,<1H OCEAN
17670,-121.87,37.3,28,859,199,455,211,2.3293,<1H OCEAN
1401,-122.07,37.95,39,2199,388,1025,385,4.5893,NEAR BAY
8628,-118.39,33.88,31,1448,244,607,259,8.1513,<1H OCEAN
17096,-122.23,37.46,33,2643,464,1015,427,4.2232,NEAR OCEAN
6358,-117.97,34.14,33,1328,348,903,329,3.1094,INLAND
16955,-122.3,37.53,40,1833,308,751,306,6,NEAR OCEAN
10785,-117.92,33.63,34,2479,491,1131,490,4.9643,<1H OCEAN
16488,-121.19,38.13,27,2400,435,1085,444,3.7687,INLAND
2376,-119.55,36.69,21,1551,423,1519,406,1.7132,INLAND
15406,-117.23,33.23,13,2899,657,1946,579,2.9875,<1H OCEAN
16290,-121.24,37.98,33,450,123,236,103,1.1964,INLAND
13451,-117.41,34.09,21,3300,587,1896,572,3.6466,INLAND
11096,-117.87,33.83,27,2287,,1140,351,5.6163,<1H OCEAN
8196,-118.13,33.79,20,6678,1797,3625,1599,3.7716,NEAR OCEAN
8920,-118.48,34.02,30,2027,609,1425,562,2.2917,<1H OCEAN
281,-122.18,37.8,23,2317,336,955,328,6.7527,NEAR BAY
4929,-118.24,33.99,41,1425,372,1803,353,1.6731,<1H OCEAN
8847,-118.4,34.09,45,2686,283,857,259,15.0001,<1H OCEAN
18430,-121.87,37.26,24,2383,343,1146,341,5.6223,<1H OCEAN
7235,-118.14,34.01,46,1746,447,1296,392,2.3929,<1H OCEAN
5045,-118.33,33.97,47,1830,369,922,377,4.1635,<1H OCEAN
12317,-116.69,33.5,13,1187,255,442,179,1.9107,INLAND
11073,-117.84,33.84,23,4388,864,2526,846,4.5217,<1H OCEAN
1961,-120.7,38.75,19,2325,430,967,376,2.9,INLAND
3383,-118.27,34.25,39,699,150,358,143,4.4375,<1H OCEAN
14974,-117.01,32.72,12,2914,734,2104,703,2.3068,NEAR OCEAN
3532,-118.53,34.27,33,1927,305,896,293,5.634,<1H OCEAN
8026,-118.11,33.83,36,1784,303,964,299,4.2703,<1H OCEAN
5089,-118.29,33.98,30,1162,318,1207,289,1.223,<1H OCEAN
6913,-117.98,33.95,35,4055,652,1758,639,6.1898,<1H OCEAN
8171,-118.12,33.8,35,1835,435,774,418,2.7092,<1H OCEAN
3732,-118.41,34.18,30,2008,513,1052,496,3.0119,<1H OCEAN
1366,-122.13,38.01,48,2123,494,859,474,1.8523,NEAR BAY
9171,-118.66,34.43,9,2356,469,1556,386,3.775,INLAND
9473,-123.4,39.46,10,4086,831,2111,758,3.2156,<1H OCEAN
1976,-120.59,38.53,15,432,87,208,73,3.6125,INLAND
16275,-121.25,37.93,31,1673,382,1734,400,2.0833,INLAND
1533,-122.05,37.9,32,2676,484,986,473,4.6528,NEAR BAY
10008,-121.19,39.05,14,1131,193,520,178,3.9,INLAND
17965,-121.99,37.32,20,4461,864,2042,808,4.7083,<1H OCEAN
9496,-123.7,39.32,18,1652,352,711,292,3.1071,<1H OCEAN
4670,-118.29,34.05,18,3585,1661,5229,1534,1.847,<1H OCEAN
10959,-117.9,33.75,32,1893,431,2245,426,3.7143,<1H OCEAN
2890,-118.98,35.39,29,607,177,476,143,1.1875,INLAND
13336,-117.67,34.04,13,1543,,776,358,3.0598,INLAND
1483,-122.05,37.95,27,3513,791,1875,694,3.1838,NEAR BAY
12083,-117.36,33.88,15,2857,421,1361,382,4.6875,INLAND
4149,-118.2,34.12,41,1908,503,1557,453,2.9194,<1H OCEAN
6770,-118.15,34.11,52,2375,369,930,351,7.4111,<1H OCEAN
2615,-124.11,40.95,19,1734,365,866,342,2.96,NEAR OCEAN
1461,-121.99,37.97,30,3320,589,1470,543,4.6071,INLAND
1300,-121.81,38,37,2724,579,1400,540,2.905,INLAND
5386,-118.41,34.02,24,2610,756,1322,692,3.5022,<1H OCEAN
17047,-122.29,37.48,15,5480,892,2009,831,7.4678,NEAR OCEAN
16869,-122.41,37.61,42,1602,262,705,255,5.7398,NEAR OCEAN
1498,-122.01,37.93,25,2652,335,1062,334,7.5898,NEAR BAY
3774,-118.42,34.16,28,4664,1040,1963,961,3.9028,<1H OCEAN
9539,-120.71,37.39,40,680,160,785,175,2.6058,INLAND
4715,-118.37,34.06,52,1608,289,630,252,5.5596,<1H OCEAN
14972,-117,32.73,17,6050,1143,3424,1131,3.7647,<1H OCEAN
2320,-119.7,36.81,32,2623,528,1570,492,2.7159,INLAND
3274,-122.91,39.05,20,1128,229,621,210,3.2216,INLAND
18948,-121.98,38.29,4,8778,1291,4010,1188,5.4399,INLAND
6085,-117.87,34.09,36,1267,191,640,200,5.2405,<1H OCEAN
8782,-118.32,33.8,29,4317,1037,2102,959,3.1275,<1H OCEAN
4740,-118.38,34.05,35,3517,879,1632,784,3.0956,<1H OCEAN
9801,-121.94,36.55,30,2722,584,628,384,3.4048,NEAR OCEAN
5976,-117.77,34.11,28,1998,414,1124,389,3.75,INLAND
13716,-117.18,34.08,28,2243,399,1464,379,3.2105,INLAND
3760,-118.36,34.18,31,1109,354,1119,334,2.3056,<1H OCEAN
15022,-117,32.77,30,1802,401,776,386,2.8125,<1H OCEAN
3494,-118.47,34.27,17,1444,282,523,270,2.7353,<1H OCEAN
13963,-116.87,34.24,15,4419,822,622,267,3.9688,INLAND
5712,-118.24,34.22,34,1722,406,926,371,4.1523,<1H OCEAN
16210,-121.32,37.94,36,40,10,64,14,2.625,INLAND
2204,-119.85,36.82,15,1387,236,638,195,5.5842,INLAND
2915,-119.06,35.36,9,1228,234,409,212,4.3482,INLAND
10963,-117.88,33.77,31,2549,355,1044,362,6.9737,<1H OCEAN
17240,-119.68,34.43,33,1961,462,1693,445,2.9896,<1H OCEAN
19281,-122.73,38.42,26,1446,296,884,295,4.3523,<1H OCEAN
4599,-118.27,34.05,47,661,359,1406,307,1.3169,<1H OCEAN
17182,-122.51,37.53,17,1574,262,672,241,7.2929,NEAR OCEAN
17282,-119.73,34.42,25,2024,312,907,335,5.4127,NEAR OCEAN
1947,-120.87,38.71,13,2692,470,1302,420,4,INLAND
17925,-121.98,37.34,18,6649,1712,3604,1651,4.5368,<1H OCEAN
13816,-117.2,34.46,7,8414,1584,5146,1517,3.2794,INLAND
11039,-117.82,33.82,22,3173,372,1181,355,8.3637,<1H OCEAN
7550,-118.21,33.92,41,1722,363,1432,326,3.2976,<1H OCEAN
2560,-124.14,40.8,32,1373,312,872,306,2.5,NEAR OCEAN
4690,-118.36,34.07,48,1740,360,748,357,4.7019,<1H OCEAN
834,-122.02,37.6,32,1295,295,1097,328,3.2386,NEAR BAY
8238,-118.18,33.77,39,1645,547,1339,499,1.5536,NEAR OCEAN
12109,-117.29,33.97,4,18767,3032,8805,2723,4.6667,INLAND
20435,-118.64,34.25,47,1315,290,581,268,5.4024,<1H OCEAN
2483,-120.36,36.14,18,1206,274,622,217,1.8264,INLAND
11330,-117.95,33.76,24,3956,812,3196,795,4.3512,<1H OCEAN
2343,-119.69,36.82,15,3303,512,1687,505,4.81,INLAND
1350,-121.95,38.03,5,5526,,3207,1012,4.0767,INLAND
4229,-118.29,34.11,49,2850,379,1113,380,12.9591,<1H OCEAN
12882,-121.34,38.67,34,1503,264,731,285,4.0352,INLAND
17474,-119.89,34.44,25,2786,470,1669,462,5.5184,NEAR OCEAN
1096,-121.8,39.64,25,2202,422,1109,403,2.8306,INLAND
6662,-118.13,34.16,52,1872,357,984,364,4,<1H OCEAN
15064,-116.96,32.79,35,1081,266,691,259,2.6324,<1H OCEAN
2521,-122.74,39.71,16,255,73,85,38,1.6607,INLAND
9075,-118.16,34.7,33,2918,494,1365,478,4.8787,INLAND
13498,-117.32,34.14,32,1691,353,1457,329,1.8438,INLAND
1017,-121.78,37.67,26,2211,344,1024,321,5.2649,INLAND
18442,-121.82,37.25,24,3344,531,1768,541,5.8305,<1H OCEAN
19779,-122.19,39.91,39,2467,529,1433,502,1.8571,INLAND
11841,-120.9,39.93,23,2679,546,1424,529,2.8812,INLAND
2856,-118.95,35.41,21,3999,727,1889,688,3.875,INLAND
13030,-121.2,38.67,26,1546,287,773,299,2.9803,INLAND
6490,-118.01,34.1,35,2120,412,1375,405,3.4609,INLAND
15813,-122.42,37.76,52,4407,1192,2280,1076,3.3937,NEAR BAY
7537,-118.21,33.91,24,1545,391,1807,388,2.6429,<1H OCEAN
5995,-117.73,34.09,30,2345,496,1897,454,2.4375,INLAND
7596,-118.25,33.89,35,1582,391,1957,404,2.4537,<1H OCEAN
2082,-119.8,36.76,52,1853,437,764,390,1.6429,INLAND
16304,-121.37,38.01,15,2430,315,1016,314,10.0088,INLAND
15204,-117.08,32.91,9,1547,218,683,231,7.5604,<1H OCEAN
20318,-119.15,34.2,25,3445,898,5558,894,3.0972,NEAR OCEAN
13945,-117.2,34.26,17,9419,1455,1382,459,6.2233,INLAND
14503,-117.21,32.86,16,2800,566,1267,518,3.2794,NEAR OCEAN
3885,-118.52,34.21,34,1663,299,762,282,5.1265,<1H OCEAN
3701,-118.36,34.18,34,1471,423,995,386,2.9583,<1H OCEAN
15396,-117.08,33.23,14,3337,571,1385,512,4.15,<1H OCEAN
8366,-118.35,33.97,26,3832,1074,2340,904,2.6734,<1H OCEAN
152,-122.23,37.8,52,2033,486,787,459,3.1603,NEAR BAY
11141,-117.95,33.84,19,1749,406,969,391,3.75,<1H OCEAN
14485,-117.29,32.92,25,2355,381,823,358,6.8322,NEAR OCEAN
1653,-122.01,37.92,18,2808,337,1038,337,8.3956,NEAR BAY
17112,-122.2,37.47,40,2959,389,985,365,9.9025,NEAR BAY
12161,-117.18,33.78,7,1697,424,808,354,1.3417,INLAND
9619,-120.43,37.35,15,1613,203,673,213,5.9378,INLAND
11423,-117.97,33.71,26,2553,405,1337,411,5.3737,<1H OCEAN
2283,-119.76,36.79,26,3654,837,1976,830,2.1544,INLAND
20014,-118.92,36.04,28,1148,233,521,212,2.9208,INLAND
17590,-121.91,37.31,46,3052,587,1373,590,4.7287,<1H OCEAN
7093,-118,33.92,26,2830,399,1204,404,6.1273,<1H OCEAN
11661,-118.02,33.81,34,3482,614,2227,641,5.1155,<1H OCEAN
431,-122.29,37.88,52,2159,424,824,388,3.8897,NEAR BAY
15047,-116.95,32.78,20,3425,448,1489,443,6.2552,<1H OCEAN
18587,-121.8,36.94,29,2377,476,1669,499,2.8214,<1H OCEAN
6854,-118.15,34.07,40,1072,204,940,200,3.125,<1H OCEAN
9959,-122.28,38.34,44,1066,190,416,174,3.6389,NEAR BAY
16104,-122.5,37.75,45,1620,,941,328,4.3859,NEAR OCEAN
10469,-117.72,33.53,14,1672,295,704,293,5.1129,<1H OCEAN
5834,-118.33,34.2,43,1325,254,613,248,3.6071,<1H OCEAN
18984,-121.99,38.26,18,921,126,368,120,6.0842,INLAND
10950,-117.86,33.75,39,275,87,554,103,3.5972,<1H OCEAN
10512,-117.69,33.52,4,2142,625,1176,483,3.4455,<1H OCEAN
10240,-117.88,33.89,19,3583,911,2300,871,3.0214,<1H OCEAN
8116,-118.2,33.8,45,2456,495,1300,450,3.9792,NEAR OCEAN
5385,-118.41,34.03,24,3711,1192,1764,1147,3.1642,<1H OCEAN
6597,-118.16,34.18,44,1870,389,1345,391,1.8932,<1H OCEAN
4663,-118.31,34.05,42,443,223,582,223,2.2937,<1H OCEAN
4572,-118.27,34.07,32,1657,579,2071,598,2.1135,<1H OCEAN
20137,-119.05,34.36,22,1815,506,2428,473,2.8417,<1H OCEAN
9399,-122.56,37.9,48,1550,253,641,276,8.634,NEAR BAY
7605,-118.25,33.89,37,1042,213,699,196,2.9643,<1H OCEAN
4772,-118.34,34.04,42,1681,360,987,337,2.6,<1H OCEAN
10839,-117.93,33.66,18,2043,250,702,246,9.6062,<1H OCEAN
4392,-118.27,34.08,38,2265,801,2899,792,2.5521,<1H OCEAN
12569,-121.43,38.54,42,3321,688,1346,658,2.4618,INLAND
1916,-121.04,38.81,11,3522,623,1456,544,3.93,INLAND
19174,-122.65,38.4,21,1059,150,400,154,6.8586,<1H OCEAN
8384,-118.36,33.95,26,3231,1089,3193,1020,2.6535,<1H OCEAN
13152,-121.51,36.86,36,1019,168,602,169,2.625,INLAND
18049,-121.98,37.26,27,2331,461,1178,447,4.6654,<1H OCEAN
16213,-121.32,37.96,46,1832,365,975,373,2.0398,INLAND
11732,-120.69,39.12,19,1048,262,493,184,2.2917,INLAND
7855,-118.16,33.88,30,1694,398,1181,383,2.9779,<1H OCEAN
10381,-117.63,33.63,6,3068,549,985,536,4.2009,<1H OCEAN
11599,-118.09,33.79,31,4231,617,1694,623,6.6312,<1H OCEAN
11488,-118.01,33.71,18,6565,1357,3079,1248,4.7515,<1H OCEAN
2297,-119.76,36.81,19,4643,1429,4638,1335,1.2716,INLAND
11123,-117.92,33.85,44,1231,258,682,244,3.2344,<1H OCEAN
16983,-122.29,37.56,36,805,140,445,139,5.8221,NEAR BAY
16326,-121.36,37.99,8,1801,380,684,350,4.2589,INLAND
571,-122.27,37.73,31,5785,1379,2973,1312,3.2689,NEAR BAY
1387,-122.09,37.97,5,5303,779,2017,727,6.9961,NEAR BAY
5920,-118.45,34.28,36,2602,638,2780,620,2.7155,<1H OCEAN
8380,-118.36,33.95,42,1116,303,1082,299,3.7237,<1H OCEAN
425,-122.27,37.88,52,3360,648,1232,621,4.2813,NEAR BAY
4916,-118.27,34,47,780,237,888,215,1.75,<1H OCEAN
16629,-120.82,35.32,12,3522,683,1780,662,3.3958,NEAR OCEAN
4453,-118.17,34.1,48,2514,595,2484,601,3.1146,<1H OCEAN
10527,-117.71,33.54,7,4907,577,1883,556,10.4415,<1H OCEAN
4944,-118.29,34.01,40,885,312,799,221,1.1667,<1H OCEAN
9222,-120.43,36.99,16,1027,199,673,193,2.9688,INLAND
18930,-122.14,38.07,31,3401,616,1750,602,4.6761,NEAR BAY
14390,-117.23,32.74,35,2615,525,1312,547,4.1339,NEAR OCEAN
3355,-120.57,40.43,15,2045,461,1121,402,2.6902,INLAND
4914,-118.27,34,46,1748,428,1707,409,2.148,<1H OCEAN
352,-122.16,37.75,38,2457,624,1516,482,1.5625,NEAR BAY
11449,-117.98,33.68,24,4177,,1704,606,6.2473,<1H OCEAN
18860,-122.22,38.12,15,14125,2344,6456,2147,5.1014,NEAR BAY
19412,-121.01,37.74,14,2368,297,796,301,8.7783,INLAND
19490,-120.99,37.66,46,1750,347,754,356,2.9137,INLAND
11238,-117.96,33.82,29,2176,468,1632,428,3.707,<1H OCEAN
4781,-118.32,34.04,44,1008,223,544,223,2.8654,<1H OCEAN
15656,-122.41,37.79,52,3610,1286,1504,1047,3.2059,NEAR BAY
16357,-121.31,38.03,18,4893,1008,3036,997,2.5212,INLAND
6154,-117.95,34.09,21,2215,484,1792,419,2.8375,<1H OCEAN
15288,-117.31,33.1,15,2392,446,747,421,3.5341,NEAR OCEAN
2647,-124.13,40.55,38,544,,240,91,3.25,<1H OCEAN
4033,-118.55,34.17,36,2127,297,761,274,7.8392,<1H OCEAN
15945,-122.43,37.72,52,2206,478,1583,456,3.7105,NEAR BAY
4233,-118.3,34.11,25,1590,218,568,206,8.4389,<1H OCEAN
13212,-117.71,34.04,20,1950,310,1054,312,4.625,INLAND
867,-122.07,37.57,8,8647,1407,5019,1379,6.5615,NEAR BAY
5523,-118.36,33.98,40,1113,234,584,231,3.0927,<1H OCEAN
18746,-122.34,40.51,16,2247,502,1206,463,1.9946,INLAND
5762,-118.29,34.16,31,1262,338,1019,332,3.7083,<1H OCEAN
7223,-118.16,34.02,34,1474,511,1962,501,1.8715,<1H OCEAN
19201,-122.71,38.43,52,1439,325,738,316,2.2262,<1H OCEAN
5620,-118.25,33.78,32,296,139,511,133,1.4444,NEAR OCEAN
19505,-121.03,37.64,22,2001,387,1520,387,3.148,INLAND
7437,-118.19,33.94,45,1403,315,1111,311,3.3846,<1H OCEAN
374,-122.15,37.74,43,1383,275,853,272,3.5083,NEAR BAY
4257,-118.35,34.1,24,5477,1803,2863,1755,1.845,<1H OCEAN
3509,-118.46,34.25,33,2202,433,1135,407,4.2143,<1H OCEAN
13609,-117.27,34.14,36,3795,676,1742,585,4.1,INLAND
9415,-122.49,37.86,52,2175,510,809,503,4.5398,NEAR BAY
11786,-121.25,38.8,14,5094,729,1974,705,5.5205,INLAND
12525,-121.48,38.56,46,1476,344,688,353,2.7316,INLAND
6621,-118.12,34.17,52,1835,330,777,317,3.7159,INLAND
6904,-118.14,34.04,37,1129,212,509,202,2.6146,<1H OCEAN
2135,-119.72,36.8,23,2128,442,1047,450,2.625,INLAND
7296,-118.21,33.98,39,1315,306,1257,298,3.2788,<1H OCEAN
19958,-119.32,36.21,29,1220,232,619,246,3.3125,INLAND
4922,-118.25,34,41,1768,475,1721,474,1.303,<1H OCEAN
19512,-121.02,37.61,33,1469,370,1318,349,1.7104,INLAND
2450,-119.55,36.51,46,1889,390,971,403,2.2132,INLAND
15475,-117.21,33.13,15,1889,368,754,409,2.2278,NEAR OCEAN
8825,-118.36,34.09,33,3463,1170,1845,1134,2.0205,<1H OCEAN
18242,-122.09,37.39,30,1722,490,1057,517,3.725,NEAR BAY
6113,-117.9,34.13,5,1126,316,819,311,1.5,<1H OCEAN
15111,-116.98,32.88,12,7320,1279,4048,1249,4.3952,<1H OCEAN
6891,-118.1,34.05,26,1495,328,1296,304,2.913,<1H OCEAN
14860,-117.08,32.64,11,1651,533,947,515,1.6806,NEAR OCEAN
19122,-122.65,38.25,23,4030,,1852,778,3.402,<1H OCEAN
18479,-121.67,37.13,19,3269,483,1383,452,5.6205,<1H OCEAN
18301,-122.14,37.41,35,2419,426,949,433,6.4588,NEAR BAY
20606,-121.57,39.12,30,2601,534,1702,506,2.08,INLAND
5239,-118.23,33.93,39,2065,532,2015,535,0.8478,<1H OCEAN
1876,-119.96,38.94,19,1429,292,585,188,2.2589,INLAND
770,-122.1,37.66,34,656,115,342,112,4.6875,NEAR BAY
6304,-117.92,34,36,116,30,193,35,3.8125,<1H OCEAN
9119,-118.12,34.56,5,6446,1154,3427,1104,3.9936,INLAND
10727,-117.81,33.64,4,1741,225,811,233,12.3411,<1H OCEAN
10926,-117.89,33.74,32,1562,365,2145,347,2.9167,<1H OCEAN
15918,-122.42,37.74,52,1540,370,1136,363,4.3125,NEAR BAY
15708,-122.43,37.79,52,3020,842,1294,769,3.4375,NEAR BAY
15512,-117.11,33.19,15,3154,488,1656,429,5.0461,<1H OCEAN
1015,-121.77,37.67,20,8068,1217,3489,1259,5.7907,INLAND
8180,-118.11,33.81,37,1694,280,776,271,6.2187,<1H OCEAN
8160,-118.13,33.81,37,1228,237,572,242,4.325,<1H OCEAN
4546,-118.2,34.02,26,36,9,35,9,1.625,<1H OCEAN
12656,-121.46,38.51,32,2437,592,1596,557,1.68,INLAND
5472,-118.45,33.99,52,1010,244,573,242,4.1861,<1H OCEAN
15105,-117.01,32.83,17,15401,3280,7302,3176,3.3067,<1H OCEAN
15076,-116.99,32.81,25,4436,758,1997,738,4.2386,<1H OCEAN
6020,-117.82,34.05,21,4031,923,2558,834,3.1641,<1H OCEAN
14836,-117.1,32.68,42,2013,568,1920,557,2.0724,NEAR OCEAN
15071,-116.98,32.79,32,3756,662,1611,598,3.8667,<1H OCEAN
15395,-117.11,33.23,13,5819,919,2228,866,4.9335,<1H OCEAN
18221,-122.08,37.4,19,3565,858,1639,744,4.1544,NEAR BAY
753,-122.07,37.67,38,2104,409,1039,394,3.875,NEAR BAY
12427,-116.21,33.66,19,1596,295,1201,282,3.8846,INLAND
14873,-117.09,32.62,37,1925,428,1344,426,2.4866,NEAR OCEAN
3683,-118.42,34.23,34,1531,278,1064,274,5.6687,<1H OCEAN
4356,-118.36,34.09,38,2158,582,1061,577,2.9643,<1H OCEAN
359,-122.14,37.76,34,1513,231,545,211,5.5701,NEAR BAY
19456,-120.95,37.65,37,136,20,72,22,2.2279,INLAND
17669,-121.86,37.31,24,1939,652,1808,625,2.2259,<1H OCEAN
10438,-117.62,33.42,27,1444,412,597,311,3.1395,NEAR OCEAN
1663,-121.93,37.93,16,2169,262,877,245,6.6049,INLAND
11548,-118.02,33.73,26,3711,610,1902,597,5.5599,<1H OCEAN
14673,-117.11,32.82,17,1787,330,1341,314,2.875,NEAR OCEAN
4479,-118.16,34.07,41,247,55,925,50,3.5769,<1H OCEAN
9476,-123.35,39.42,18,1619,346,904,295,2.1625,<1H OCEAN
8644,-118.4,33.87,40,1679,372,719,385,6.435,<1H OCEAN
8464,-118.33,33.91,35,1092,302,962,297,3.5903,<1H OCEAN
2735,-115.56,32.79,20,2372,835,2283,767,1.1707,INLAND
15495,-117.18,33.11,16,3470,601,1197,552,5.1814,NEAR OCEAN
19888,-119.16,36.28,18,2377,414,1359,424,4.4,INLAND
7771,-118.09,33.92,35,1994,419,1491,428,3.7383,<1H OCEAN
1996,-119.78,36.73,52,1377,319,1280,259,1.2344,INLAND
3847,-118.45,34.18,39,1810,388,839,380,3.7171,<1H OCEAN
2353,-119.69,36.77,22,2456,496,1720,417,2.6875,INLAND
12557,-121.47,38.55,52,1384,295,561,244,2.0242,INLAND
3212,-119.65,36.34,46,1730,337,752,323,1.8529,INLAND
10571,-117.67,33.66,4,10175,2181,4762,1929,4.7341,<1H OCEAN
4100,-118.37,34.14,21,4670,1161,1914,1094,3.7986,<1H OCEAN
3537,-118.52,34.26,21,8850,2139,4717,1979,3.7816,<1H OCEAN
20470,-118.74,34.27,23,2493,522,1488,505,4.18,<1H OCEAN
4093,-118.42,34.16,46,54,9,20,6,0.536,<1H OCEAN
20149,-119.12,34.38,28,7200,1281,3793,1238,4.075,<1H OCEAN
10362,-117.7,33.62,16,9653,2000,4732,1922,3.7361,<1H OCEAN
939,-122.04,37.53,34,2316,478,1524,467,3.7364,NEAR BAY
14912,-117.05,32.61,26,1563,286,1145,313,3.8615,NEAR OCEAN
15171,-117.07,33.02,17,2863,665,715,467,2.6048,<1H OCEAN
14847,-117.08,32.68,26,3071,615,2156,568,2.9318,NEAR OCEAN
18335,-122.16,37.44,34,2199,529,1193,532,4.2972,NEAR BAY
9208,-119.68,37.19,10,3113,589,1508,512,2.8167,INLAND
11706,-120.06,39.09,30,2979,583,316,124,2.1987,INLAND
16265,-121.27,37.96,41,461,101,382,79,1.275,INLAND
1235,-120.34,38.25,17,5497,1056,997,408,2.9821,INLAND
13989,-117.19,34.94,31,2034,444,1097,367,2.1522,INLAND
11098,-117.88,33.83,25,1785,248,750,251,6.8407,<1H OCEAN
18724,-122.33,40.6,5,6383,1206,2965,1141,3.8103,INLAND
19035,-121.98,38.36,24,2434,630,1538,574,2.1067,INLAND
16259,-121.26,37.97,41,2398,448,1143,444,3.0352,INLAND
8164,-118.13,33.81,36,1749,322,855,319,4.6473,<1H OCEAN
6262,-117.96,34.04,33,1458,268,1115,257,4.7955,<1H OCEAN
15596,-116.58,32.69,19,4085,876,2133,718,2.919,INLAND
11565,-117.98,33.75,27,2343,415,1537,426,5.1345,<1H OCEAN
13626,-117.27,34.11,44,567,134,565,150,1.8281,INLAND
6016,-117.78,34.06,33,1056,272,964,300,2.4464,INLAND
17292,-119.64,34.43,32,1872,318,749,296,4.625,<1H OCEAN
17089,-122.22,37.47,35,367,113,398,109,2.5,NEAR OCEAN
8911,-118.48,34.02,29,1585,542,1019,487,2.7072,<1H OCEAN
15124,-116.88,32.86,9,3049,471,1527,515,5.0733,<1H OCEAN
1226,-120.56,38.39,20,1326,307,563,237,2.6667,INLAND
17796,-121.82,37.39,37,4137,636,1569,578,6.1008,<1H OCEAN
4686,-118.35,34.07,45,7803,2154,3359,2041,3.3594,<1H OCEAN
19990,-119.32,36.19,11,3136,620,2013,583,3.335,INLAND
4078,-118.36,34.15,41,3545,698,1221,651,4.3,<1H OCEAN
20131,-118.92,34.41,22,2702,655,2664,571,3.0893,<1H OCEAN
3902,-118.51,34.2,34,2871,581,1350,535,3.7049,<1H OCEAN
4696,-118.37,34.07,39,2309,526,870,546,3.1677,<1H OCEAN
15645,-122.42,37.79,52,3364,1100,2112,1045,2.1343,NEAR BAY
8900,-118.48,34.04,47,1956,277,724,277,8.9616,<1H OCEAN
11640,-118.06,33.83,21,3941,655,1897,670,4.88,<1H OCEAN
11064,-117.87,33.79,25,2546,545,1543,521,4.192,<1H OCEAN
4712,-118.36,34.06,39,2810,670,1109,624,3.25,<1H OCEAN
18166,-122.02,37.35,18,1221,255,507,271,5.3679,<1H OCEAN
259,-122.2,37.77,41,1547,415,1024,341,2.0562,NEAR BAY
9079,-118.28,34.76,19,3430,601,1817,571,4.7875,INLAND
717,-122.09,37.68,41,1834,463,1105,467,2.8322,NEAR BAY
11873,-117.37,34,36,730,155,476,142,2.4306,INLAND
4825,-118.31,34.04,29,2038,578,2070,570,2.0658,<1H OCEAN
15287,-117.32,33.12,25,2670,527,936,461,2.7717,NEAR OCEAN
7202,-118.18,34.02,37,2631,734,3228,701,2.15,<1H OCEAN
14746,-117.04,32.58,20,2029,357,1497,353,4.0089,NEAR OCEAN
19295,-122.78,38.37,21,795,163,414,162,3.7991,<1H OCEAN
9177,-118.52,34.4,5,7748,1557,4768,1393,5.305,<1H OCEAN
7576,-118.21,33.88,29,1976,444,1254,371,2.1782,<1H OCEAN
6235,-117.96,34.07,35,2819,529,1508,485,4.6118,<1H OCEAN
8245,-118.19,33.78,31,1648,484,898,457,1.5844,NEAR OCEAN
2588,-124.15,40.88,33,2235,506,1165,441,1.725,NEAR OCEAN
12034,-117.46,33.94,35,1566,294,1056,279,3.5227,INLAND
9135,-118.37,34.43,11,17339,2866,8721,2803,5.9507,INLAND
2213,-119.84,36.85,8,3791,487,1424,475,10.5144,INLAND
5964,-117.81,34.08,13,18448,2474,7775,2397,7.7876,INLAND
2170,-119.89,36.79,5,3821,705,2179,694,3.7821,INLAND
19297,-122.8,38.37,26,1634,315,909,317,4.1731,<1H OCEAN
11510,-118.1,33.74,31,1310,342,563,310,4.6528,NEAR OCEAN
13068,-121.3,38.58,19,2653,680,1419,579,2.3787,INLAND
654,-122.15,37.71,18,5778,1526,2441,1352,3.1682,NEAR BAY
5377,-118.39,34.04,49,1230,279,669,269,3.9038,<1H OCEAN
10802,-117.96,33.6,34,959,230,384,197,5.2333,NEAR OCEAN
589,-122.1,37.69,30,3115,625,1444,568,3.7222,NEAR BAY
15327,-117.34,33.19,19,3575,525,1654,559,5.7409,NEAR OCEAN
2707,-115.49,32.87,19,541,104,457,106,3.3583,INLAND
4934,-118.27,34,40,2099,599,2311,529,1.852,<1H OCEAN
14947,-116.98,32.73,16,952,143,530,143,5.0864,<1H OCEAN
1328,-121.87,38.02,31,3644,746,2229,678,3.1389,INLAND
15554,-117.08,33.11,31,1832,444,1669,463,2.2146,<1H OCEAN
12721,-121.37,38.58,37,2839,390,1006,400,7.3343,INLAND
10677,-117.77,33.54,47,3090,652,1105,582,4.1699,<1H OCEAN
9532,-120.68,37.47,33,1028,226,658,197,2.3043,INLAND
15318,-117.36,33.2,26,2447,482,1405,486,3.2917,NEAR OCEAN
7043,-118.08,33.94,21,3933,949,2219,820,2.4926,<1H OCEAN
2108,-119.75,36.74,39,1740,351,1098,347,1.8958,INLAND
17576,-121.94,37.31,5,2364,578,1102,502,5.2642,<1H OCEAN
8379,-118.35,33.95,45,1076,213,781,238,3.95,<1H OCEAN
5713,-118.25,34.22,34,2510,535,1516,542,3.8068,<1H OCEAN
9065,-118.14,34.65,20,1257,201,551,186,4.6591,INLAND
4381,-118.26,34.09,51,1532,366,669,333,3.6434,<1H OCEAN
19156,-122.69,38.35,16,1689,254,921,270,4.4444,<1H OCEAN
15729,-122.44,37.78,16,883,236,601,219,2.151,NEAR BAY
9320,-122.53,37.97,52,1560,451,700,419,2.5125,NEAR BAY
292,-122.16,37.77,45,2324,397,968,384,3.5739,NEAR BAY
2938,-118.94,35.36,19,2714,512,1823,500,3.1281,INLAND
10492,-117.68,33.49,18,4173,625,1649,634,6.3568,<1H OCEAN
18980,-122,38.25,7,11768,1893,6657,1874,4.9222,INLAND
19010,-122,38.35,34,1084,187,561,198,4.2115,INLAND
17238,-119.67,34.44,32,3202,537,1316,538,5.2888,<1H OCEAN
1071,-121.84,39.74,43,2976,599,1181,560,2.2621,INLAND
17500,-119.79,34.43,26,3611,563,2089,540,5.1615,NEAR OCEAN
1190,-121.46,39.4,17,3659,735,1970,667,2.425,INLAND
12217,-116.99,33.46,13,1614,410,846,270,2.83,<1H OCEAN
14821,-117.11,32.67,52,204,74,248,57,1.7961,NEAR OCEAN
6826,-118.1,34.09,46,2822,525,1434,520,3.8906,<1H OCEAN
684,-122.14,37.68,31,3184,716,1561,628,2.7955,NEAR BAY
15675,-122.43,37.8,52,3172,848,1259,806,4.1047,NEAR BAY
4178,-118.22,34.09,42,1706,488,1941,447,2.5213,<1H OCEAN
18508,-122.01,36.99,28,1321,240,652,239,4.9808,NEAR OCEAN
7436,-118.19,33.94,45,1871,371,1315,382,3.3661,<1H OCEAN
10154,-117.9,33.88,28,2696,346,947,356,9.0055,<1H OCEAN
10510,-117.69,33.54,20,1767,280,801,284,6.5394,<1H OCEAN
13412,-117.48,34.08,28,1922,382,1565,340,3.915,INLAND
19739,-122.23,40.32,10,2336,426,1003,368,3.0833,INLAND
9636,-121.02,36.94,33,1541,313,880,272,2.5074,INLAND
17733,-121.8,37.31,15,1807,378,1277,341,4.5045,<1H OCEAN
9183,-118.55,34.41,8,21086,3945,9936,3790,5.8602,<1H OCEAN
5206,-118.28,33.93,41,936,257,913,226,2.0313,<1H OCEAN
14255,-117.11,32.72,25,1491,348,1183,316,1.9583,NEAR OCEAN
14064,-117.12,32.75,15,2671,724,1800,646,2.1394,NEAR OCEAN
6866,-118.12,34.06,25,1137,293,800,281,2.4286,<1H OCEAN
4641,-118.3,34.06,33,2437,1283,3906,1084,2.0332,<1H OCEAN
4366,-118.27,34.1,51,3149,519,1082,510,6.4459,<1H OCEAN
11710,-120.16,39.14,21,2484,460,309,144,3.9722,INLAND
16662,-120.69,35.28,26,4225,886,1795,704,2.2847,NEAR OCEAN
10395,-117.67,33.54,15,2423,435,1366,423,4.8906,<1H OCEAN
11395,-117.96,33.73,22,3479,455,1454,488,6.6324,<1H OCEAN
8958,-118.39,34.02,38,2521,647,1091,597,4.1296,<1H OCEAN
9687,-121.62,36.74,30,1337,253,838,247,5.0374,<1H OCEAN
13105,-121.36,38.42,6,3254,465,1168,345,5.1811,INLAND
10620,-117.82,33.67,17,2895,439,1588,450,6.276,<1H OCEAN
14348,-117.19,32.75,52,25,5,13,5,0.536,NEAR OCEAN
5437,-118.43,34.01,41,1527,279,746,285,6.4232,<1H OCEAN
17968,-121.99,37.31,26,3285,502,1443,530,5.7833,<1H OCEAN
7354,-118.15,33.96,33,1471,451,2272,482,2.5385,<1H OCEAN
11319,-117.98,33.77,7,2252,570,1576,550,3.6333,<1H OCEAN
16363,-121.31,38,35,2097,351,977,358,4.3958,INLAND
14248,-117.1,32.72,5,1615,387,1094,394,2.2024,NEAR OCEAN
5971,-117.79,34.1,26,1664,344,1024,339,3.5192,INLAND
12952,-121.28,38.71,35,3095,594,1550,576,3.575,INLAND
17434,-120.46,34.63,48,1408,301,682,279,2.9271,NEAR OCEAN
20452,-118.81,34.28,20,3678,684,1882,694,4.1607,<1H OCEAN
18511,-122,36.98,43,1636,324,792,325,3.5562,NEAR OCEAN
7228,-118.16,34.01,40,1552,,1919,427,2.2596,<1H OCEAN
9460,-123.64,39.45,21,3359,677,1908,642,3.0433,<1H OCEAN
208,-122.23,37.79,30,610,145,425,140,1.6198,NEAR BAY
7489,-118.23,33.93,37,239,49,308,52,1.4028,<1H OCEAN
17335,-120.48,34.9,20,3842,630,2490,662,3.0559,<1H OCEAN
13517,-117.34,34.1,14,11827,2445,6640,2299,2.4878,INLAND
2173,-119.86,36.78,7,2232,490,1274,499,2.9853,INLAND
4951,-118.31,34.02,41,1046,216,727,201,1.6667,<1H OCEAN
17455,-120.43,34.7,26,2353,389,1420,389,3.87,NEAR OCEAN
1917,-120.72,38.94,10,1604,352,540,190,3.7625,INLAND
12577,-121.43,38.53,36,2430,426,1199,437,3.1667,INLAND
2347,-119.68,36.8,7,2855,518,1748,498,4.2066,INLAND
13306,-117.62,34.08,22,2626,631,1678,557,3.125,INLAND
19992,-119.35,36.2,29,1938,404,1487,414,1.7462,INLAND
13002,-121.26,38.66,8,1145,241,447,216,4.0781,INLAND
15152,-117.05,33.01,17,3430,425,1468,433,10.6186,<1H OCEAN
5586,-118.3,33.8,27,2790,513,1498,519,5.3106,<1H OCEAN
15791,-122.42,37.77,52,759,323,421,255,2.0548,NEAR BAY
868,-122.06,37.58,15,8112,1376,4576,1348,5.6758,NEAR BAY
1261,-121.72,38,7,7957,1314,4460,1293,4.9618,INLAND
7836,-118.15,33.91,25,2053,578,1721,507,2.3456,<1H OCEAN
8933,-118.48,34,29,1727,479,741,431,3.6121,<1H OCEAN
14054,-117.13,32.75,28,2279,671,1166,623,1.95,NEAR OCEAN
7358,-118.17,33.96,29,2913,787,3803,740,2.5556,<1H OCEAN
4627,-118.31,34.07,26,5062,2055,4533,1822,2.3105,<1H OCEAN
19906,-119.27,36.32,9,3631,635,1881,628,4.7723,INLAND
4662,-118.3,34.05,42,1476,610,1605,545,1.721,<1H OCEAN
6603,-118.16,34.19,44,2195,449,1377,417,3.5887,<1H OCEAN
19765,-122.13,40.01,21,916,194,451,178,2.125,INLAND
25,-122.28,37.85,41,535,123,317,119,2.4038,NEAR BAY
11667,-118.01,33.85,29,3061,612,2396,640,4.6326,<1H OCEAN
4471,-118.17,34.09,33,2907,797,3212,793,2.2348,<1H OCEAN
18003,-121.99,37.27,27,2937,497,1454,511,5.4051,<1H OCEAN
16894,-122.38,37.58,52,2039,299,772,303,6.471,NEAR OCEAN
14525,-117.13,32.92,16,2173,399,1460,393,4.2614,<1H OCEAN
2662,-123.82,40.12,33,2985,591,1221,486,2.087,<1H OCEAN
11603,-118.02,33.79,23,6368,1030,3281,1001,6.1142,<1H OCEAN
19114,-122.63,38.21,22,2933,461,1283,449,6.2034,<1H OCEAN
10000,-121.08,39.02,13,1839,275,752,270,4.2031,INLAND
17858,-121.87,37.46,43,91,12,58,16,15.0001,<1H OCEAN
16423,-121.49,37.94,31,1860,394,1848,293,2.2891,INLAND
15193,-117.04,33.03,16,2852,435,1083,448,6.3761,<1H OCEAN
818,-122.08,37.62,17,2485,518,1139,550,2.6875,NEAR BAY
16315,-121.32,38.01,36,391,74,171,79,2.7045,INLAND
20180,-119.39,34.32,19,3238,629,1195,443,4.8472,NEAR OCEAN
13253,-117.68,34.11,16,3190,471,1414,464,5.5292,INLAND
5828,-118.31,34.19,27,4713,1169,2372,1077,3.7015,<1H OCEAN
2544,-124.16,40.78,50,2285,403,837,353,2.5417,NEAR OCEAN
16375,-121.28,38.03,11,3585,729,2769,715,3.0907,INLAND
592,-122.1,37.71,27,6740,1073,2723,1035,5.2131,NEAR BAY
965,-121.88,37.68,23,2234,270,854,286,7.333,INLAND
2893,-118.99,35.37,36,832,198,814,174,1.4773,INLAND
921,-121.93,37.53,27,5532,973,2855,960,4.7478,<1H OCEAN
4448,-118.21,34.07,47,1346,383,1452,371,1.7292,<1H OCEAN
19592,-120.87,37.62,30,455,70,220,69,4.8958,INLAND
18597,-122.08,37.08,35,1541,297,791,277,4.425,NEAR OCEAN
14107,-117.11,32.75,46,695,182,601,195,2.4219,NEAR OCEAN
13165,-121.37,36.84,11,1996,382,1023,358,3.5714,INLAND
14705,-117.06,32.81,17,3939,550,1694,553,6.7927,<1H OCEAN
20100,-120.23,37.96,52,1230,262,609,243,2.0057,INLAND
801,-122.07,37.64,25,4524,860,2426,862,4.7083,NEAR BAY
10771,-117.9,33.65,24,4496,877,1928,855,4.6808,<1H OCEAN
4834,-118.3,34.04,35,1090,345,1605,330,2.1518,<1H OCEAN
14089,-117.11,32.76,31,2293,549,1108,557,3.3854,NEAR OCEAN
15051,-116.88,32.81,35,2926,562,1590,506,4.2014,<1H OCEAN
15280,-117.3,33.06,24,2171,511,870,442,3.194,NEAR OCEAN
6041,-117.73,34.05,28,2758,771,2877,694,2.0734,INLAND
13017,-121.2,38.7,28,2970,471,1379,463,4.3214,INLAND
19359,-123.01,38.8,21,360,96,131,74,3.5156,<1H OCEAN
18229,-122.09,37.4,22,1489,436,662,470,3.5179,NEAR BAY
6966,-118.06,33.99,45,1471,255,670,250,4.5478,<1H OCEAN
1145,-121.39,39.61,22,2828,610,986,391,2.8871,INLAND
13884,-116.72,34.89,14,4527,875,1640,590,2.8594,INLAND
20590,-121.59,39.14,41,1492,350,804,353,1.684,INLAND
14560,-117.22,32.83,31,3958,727,1924,728,5.4605,NEAR OCEAN
10260,-117.85,33.89,22,4020,655,1486,635,5.9639,<1H OCEAN
16366,-121.3,38.01,30,2547,485,1547,501,3.994,INLAND
16368,-121.31,38.01,22,2101,514,1304,511,2.8348,INLAND
8072,-118.17,33.82,52,2539,497,1152,488,4.1354,NEAR OCEAN
20127,-118.98,34.4,34,1328,244,795,227,4.4219,<1H OCEAN
20349,-119.08,34.17,32,166,22,63,29,7.3004,NEAR OCEAN
13624,-117.25,34.11,30,2173,560,1509,486,1.4079,INLAND
6229,-117.94,34.06,32,3418,662,2003,622,4.0333,<1H OCEAN
17884,-121.96,37.41,17,3208,617,2286,602,5.2937,<1H OCEAN
6495,-118.01,34.09,32,1613,361,1283,404,3.1944,INLAND
7133,-118.1,34.01,29,2077,564,2087,543,2.66,<1H OCEAN
8220,-118.21,33.79,44,121,29,153,30,2.1964,NEAR OCEAN
10136,-117.89,33.92,34,1473,312,1025,315,3.8333,<1H OCEAN
18650,-121.96,36.88,37,2846,553,939,433,4.7468,NEAR OCEAN
6003,-117.77,34.08,27,5929,932,2817,828,6.0434,INLAND
968,-121.88,37.67,25,2244,301,937,324,6.4524,INLAND
1016,-121.76,37.67,6,3023,518,1225,468,6.3705,INLAND
588,-122.1,37.7,25,2973,622,1413,595,4.3819,NEAR BAY
6233,-117.95,34.07,37,1375,260,951,272,3.2083,<1H OCEAN
16889,-122.37,37.59,39,4645,1196,2156,1113,3.4412,NEAR OCEAN
4380,-118.27,34.09,52,2327,555,1048,491,3.7847,<1H OCEAN
20426,-118.69,34.18,11,1177,138,415,119,10.0472,<1H OCEAN
20086,-120.3,37.99,23,1908,383,984,374,2.517,INLAND
12902,-121.34,38.62,20,4021,864,1658,730,2.4537,INLAND
7492,-118.24,33.93,19,325,74,354,87,2.75,<1H OCEAN
18447,-121.82,37.23,25,2349,394,1266,383,4.9688,<1H OCEAN
5555,-118.41,33.96,15,412,128,310,137,3.9792,<1H OCEAN
18837,-122.64,41.73,50,1525,308,661,285,2.2206,INLAND
5542,-118.4,33.98,39,714,118,314,117,5.9856,<1H OCEAN
4374,-118.28,34.1,49,1767,467,1066,438,3.0958,<1H OCEAN
11525,-118.05,33.72,22,5416,1271,2260,1184,3.8038,<1H OCEAN
20134,-118.9,34.4,16,2614,575,1163,524,1.5781,<1H OCEAN
1132,-121.62,39.76,14,2063,559,934,529,1.7788,INLAND
12927,-121.3,38.65,26,3192,447,1132,418,4.5278,INLAND
20306,-119.17,34.16,17,5276,1020,4066,984,4.5828,NEAR OCEAN
20040,-118.99,36.07,21,983,165,672,169,2.975,INLAND
4720,-118.37,34.05,35,2457,552,1159,523,3.0862,<1H OCEAN
18137,-122,37.34,27,1716,290,817,301,5.9158,<1H OCEAN
11324,-117.96,33.76,24,1328,290,1012,306,4.2813,<1H OCEAN
17244,-119.67,34.43,39,1467,381,1404,374,2.3681,<1H OCEAN
10296,-117.87,33.92,14,4039,669,1905,670,6.3303,<1H OCEAN
2591,-124.09,40.88,26,2683,555,1353,526,2.4321,NEAR OCEAN
12704,-121.41,38.58,18,6955,1882,2803,1740,3.089,INLAND
9512,-123.21,39.15,52,1370,258,617,228,2.55,<1H OCEAN
7320,-118.18,33.99,36,988,337,1508,351,2.4375,<1H OCEAN
19483,-120.98,37.66,40,3012,616,1423,595,2.6346,INLAND
14813,-117.17,32.69,45,3168,598,1341,562,4.5189,NEAR OCEAN
17943,-121.95,37.34,25,5236,1320,2529,1213,3.1702,<1H OCEAN
6764,-118.14,34.09,20,3447,1007,2622,934,2.918,<1H OCEAN
5063,-118.29,33.99,39,979,235,857,236,2.5547,<1H OCEAN
8921,-118.48,34.02,25,1583,460,983,422,2.7019,<1H OCEAN
15526,-117.06,33.13,12,8742,2114,4854,1957,2.8015,<1H OCEAN
20220,-119.27,34.28,52,2239,420,941,397,4.125,NEAR OCEAN
11008,-117.78,33.78,6,9792,1283,3744,1179,10.1714,<1H OCEAN
15136,-116.92,32.84,16,4675,834,2188,817,4.6674,<1H OCEAN
13217,-117.72,34,15,4363,690,2410,666,5.4824,INLAND
14223,-117.03,32.67,15,5094,818,2118,758,5.3505,NEAR OCEAN
4755,-118.33,34.04,52,2545,401,1004,372,3.6373,<1H OCEAN
16647,-120.65,35.27,27,2034,341,768,316,4.2411,NEAR OCEAN
3851,-118.44,34.18,35,972,270,550,256,2.2461,<1H OCEAN
14364,-117.23,32.73,44,1168,263,509,256,2.7273,NEAR OCEAN
9773,-121.25,36.32,12,4776,1082,4601,1066,2.9184,<1H OCEAN
9999,-121,39.09,7,439,84,246,80,3.0781,INLAND
16331,-121.33,38.02,37,1964,315,915,335,4.3008,INLAND
12607,-121.49,38.5,30,1715,271,842,263,3.0313,INLAND
13187,-117.7,34.08,10,1979,454,1117,389,3.7802,INLAND
640,-122.15,37.72,29,4169,1047,2024,962,2.8125,NEAR BAY
10128,-117.9,33.93,12,4325,1191,1897,1080,3.3173,<1H OCEAN
17835,-121.86,37.41,16,1489,262,945,263,7.3861,<1H OCEAN
19170,-122.62,38.4,10,9772,1308,3741,1242,6.5261,<1H OCEAN
8236,-118.19,33.76,25,1442,392,632,385,4.6629,NEAR OCEAN
10453,-117.66,33.46,28,1261,233,609,242,5.1024,<1H OCEAN
11503,-118.09,33.75,32,6239,974,2615,950,6.6188,NEAR OCEAN
3464,-118.46,34.3,32,2424,476,2291,419,4.0337,<1H OCEAN
10525,-117.7,33.56,3,2443,637,1033,548,4.1379,<1H OCEAN
2571,-124.15,40.76,24,2858,511,1388,512,3.375,NEAR OCEAN
5321,-118.43,34.05,52,1693,290,727,305,6.7115,<1H OCEAN
8448,-118.38,33.91,36,2904,515,1463,534,5.8374,<1H OCEAN
20469,-118.73,34.27,23,4550,762,2301,744,4.556,<1H OCEAN
16769,-122.47,37.7,47,737,126,370,136,3.775,NEAR OCEAN
4172,-118.23,34.1,38,1051,249,799,229,2.712,<1H OCEAN
8074,-118.18,33.82,52,2618,472,943,440,3.7895,NEAR OCEAN
20103,-120.35,37.98,4,1658,301,676,278,3.5714,INLAND
17049,-122.26,37.46,26,5067,750,1996,728,7.0001,NEAR OCEAN
7288,-118.22,33.98,42,626,143,625,156,3.125,<1H OCEAN
2660,-123.68,40.24,31,1852,452,917,359,1.725,<1H OCEAN
7633,-118.29,33.84,34,2617,558,1396,515,5.061,<1H OCEAN
12473,-121.47,38.58,43,3807,952,1484,850,2.3266,INLAND
14300,-117.14,32.71,32,719,251,894,208,1.8456,NEAR OCEAN
2025,-119.74,36.71,17,5872,1250,5034,1224,2.1905,INLAND
3179,-119.77,36.32,14,3400,618,1867,612,3.9926,INLAND
16555,-121.31,37.81,36,284,53,130,47,3.1429,INLAND
17721,-121.79,37.33,13,2978,505,1794,485,6.6813,<1H OCEAN
11487,-117.99,33.72,14,2127,537,1338,475,3.628,<1H OCEAN
3320,-122.83,38.99,15,289,49,191,54,1.6833,INLAND
19021,-121.98,38.34,13,3616,672,2022,652,4.0536,INLAND
19067,-122.45,38.28,20,3306,503,1374,460,5.7984,NEAR BAY
520,-122.23,37.76,52,3037,516,1242,518,5.2128,NEAR BAY
17103,-122.23,37.45,34,4177,723,1586,660,5.0457,NEAR OCEAN
19783,-122.93,40.78,20,3758,798,1685,757,2.3667,INLAND
8520,-118.33,33.9,21,6603,1984,5546,1745,2.6091,<1H OCEAN
2221,-119.84,36.82,17,2807,376,996,353,5.5357,INLAND
11550,-117.98,33.75,24,3865,802,2670,772,3.8158,<1H OCEAN
10773,-117.9,33.65,27,3310,598,1402,563,6.632,<1H OCEAN
8840,-118.38,34.08,48,1226,288,370,264,3.9375,<1H OCEAN
8382,-118.36,33.96,25,1849,518,1498,451,2.8378,<1H OCEAN
4063,-118.46,34.16,38,1495,300,598,280,3.4698,<1H OCEAN
3296,-122.68,38.98,27,2300,508,526,254,2.1838,INLAND
6212,-117.9,34.06,34,2956,469,1488,464,5.3664,<1H OCEAN
18556,-122.04,36.95,36,1862,364,1080,364,4.4567,NEAR OCEAN
7622,-118.25,33.86,26,3022,476,1852,452,6.0531,<1H OCEAN
18886,-122.24,38.1,49,1851,356,849,307,2.9432,NEAR BAY
18867,-122.22,38.1,40,2549,478,1275,494,2.9469,NEAR BAY
7460,-118.19,33.92,36,1356,314,1469,300,2.0785,<1H OCEAN
11366,-117.95,33.74,25,1393,243,976,245,5.4485,<1H OCEAN
6008,-117.76,34.07,48,1157,247,677,218,2.8594,INLAND
697,-122.11,37.69,37,2444,651,1562,618,2.6464,NEAR BAY
7816,-118.11,33.88,35,1623,304,868,272,3.5893,<1H OCEAN
14862,-117.09,32.65,25,3509,985,2359,899,2.6296,NEAR OCEAN
4252,-118.36,34.1,52,1096,247,423,230,3.0179,<1H OCEAN
5357,-118.39,34.05,42,3105,559,1253,531,5.222,<1H OCEAN
870,-121.93,37.49,5,1150,311,648,245,3.5714,<1H OCEAN
19322,-123,38.51,33,1565,390,759,311,2.6726,NEAR OCEAN
8463,-118.34,33.91,17,3724,1023,2536,971,3.2649,<1H OCEAN
4731,-118.36,34.04,49,995,184,462,194,2.7917,<1H OCEAN
8477,-118.31,33.92,35,1307,246,672,219,4.8456,<1H OCEAN
14834,-117.1,32.68,20,1012,269,837,240,2.0488,NEAR OCEAN
10615,-117.8,33.67,4,3345,552,1525,539,6.7962,<1H OCEAN
5007,-118.33,34.02,46,2223,361,968,373,4.26,<1H OCEAN
7655,-118.27,33.82,28,1642,434,1575,420,4.1292,<1H OCEAN
6024,-117.76,34.05,36,3839,1004,4711,942,2.3859,INLAND
7610,-118.22,33.88,37,1149,280,1016,250,2.125,<1H OCEAN
19747,-122.24,40.19,29,1912,336,859,325,3.7,INLAND
16111,-122.5,37.74,44,2374,496,1087,426,3.5,NEAR OCEAN
12678,-121.38,38.55,23,2790,430,1407,460,4.3288,INLAND
10413,-117.64,33.66,6,5221,1217,2597,1119,4.6076,<1H OCEAN
4518,-118.2,34.04,36,1625,490,2003,478,2.181,<1H OCEAN
5788,-118.25,34.15,31,1238,338,605,331,2.8478,<1H OCEAN
16512,-121.22,37.72,34,2123,387,1310,368,2.6368,INLAND
14490,-117.24,32.85,18,3117,475,904,368,6.7587,NEAR OCEAN
9428,-122.93,38.02,28,1284,265,628,219,3.5469,NEAR OCEAN
3966,-118.57,34.2,36,2559,469,1358,445,4.5568,<1H OCEAN
15756,-122.43,37.77,52,3563,832,1712,787,3.3702,NEAR BAY
7289,-118.22,33.98,32,2643,737,2784,711,2.5352,<1H OCEAN
9137,-118.35,34.52,14,3490,592,1710,580,5.9171,INLAND
8439,-118.36,33.93,44,520,116,392,106,3.0132,<1H OCEAN
16505,-121.13,37.74,21,2376,475,1175,441,3.6016,INLAND
11147,-117.98,33.84,35,984,179,661,199,5.0747,<1H OCEAN
9720,-121.71,36.9,16,1680,285,1103,275,4.6125,<1H OCEAN
16436,-121.3,38.09,31,335,53,154,55,2.0694,INLAND
2653,-124.26,40.58,52,2217,394,907,369,2.3571,NEAR OCEAN
10149,-117.91,33.9,27,829,114,383,133,9.3125,<1H OCEAN
9527,-123.16,39.1,31,418,82,327,81,2.775,<1H OCEAN
8884,-118.5,34.03,52,1711,245,671,242,7.7572,<1H OCEAN
13634,-117.34,34.08,33,4924,1007,3502,953,3.233,INLAND
1556,-121.96,37.81,12,6488,778,2404,765,8.3188,<1H OCEAN
20187,-119.18,34.27,6,2307,386,910,364,5.215,NEAR OCEAN
2619,-124.08,40.94,18,1550,345,941,335,2.3147,NEAR OCEAN
14778,-117.09,32.58,12,2565,567,1785,545,3.0273,NEAR OCEAN
16744,-122.45,37.71,49,2244,442,1948,423,4.7639,NEAR OCEAN
6436,-118.01,34.11,36,1722,320,794,322,4.2132,INLAND
13126,-121.33,38.28,14,980,171,659,183,4.4306,INLAND
3167,-118.9,35.26,31,6145,1492,5666,1457,1.9066,INLAND
10336,-117.76,33.81,2,582,70,199,64,7.1193,<1H OCEAN
11868,-121.09,40.3,15,1717,336,501,206,3.6477,INLAND
12338,-116.54,33.87,16,3648,1035,1687,581,1.9167,INLAND
5485,-118.46,33.99,35,1214,300,478,265,4.0156,<1H OCEAN
13487,-117.36,34.1,29,2819,637,1683,608,2.3205,INLAND
3681,-118.42,34.21,29,2893,543,1636,540,5.1586,<1H OCEAN
8194,-118.13,33.79,45,2317,448,1057,428,4.375,NEAR OCEAN
7580,-118.22,33.89,36,873,240,1086,217,2.25,<1H OCEAN
12524,-121.48,38.56,44,1151,263,518,258,2.0089,INLAND
20319,-119.17,34.25,15,1329,282,1001,284,3.65,NEAR OCEAN
7092,-118.02,33.92,34,1478,251,956,277,5.5238,<1H OCEAN
1021,-121.79,37.66,22,14701,2210,6693,2232,5.98,INLAND
8823,-118.36,34.09,34,2832,883,1594,843,1.7558,<1H OCEAN
7639,-118.29,33.8,21,9944,1623,4185,1582,4.526,<1H OCEAN
16163,-122.5,37.77,52,1769,414,1032,380,3.9954,NEAR BAY
29,-122.28,37.84,52,729,160,395,155,1.6875,NEAR BAY
1480,-122.05,37.96,35,2190,384,1154,401,3.8456,NEAR BAY
17,-122.27,37.85,52,1228,293,648,303,2.1202,NEAR BAY
10431,-117.62,33.43,27,1835,413,1221,377,3.2232,NEAR OCEAN
10237,-117.87,33.91,16,2434,455,1017,476,4.2188,<1H OCEAN
7894,-118.08,33.86,17,2259,383,1378,386,5.8733,<1H OCEAN
13582,-117.29,34.12,40,2198,612,1517,531,1.0951,INLAND
1204,-121.8,39.33,30,1019,192,501,185,2.5259,INLAND
12323,-116.57,34,20,260,67,69,50,3.5208,INLAND
1672,-122.2,38.04,31,3029,500,1236,487,5.6022,NEAR BAY
4467,-118.19,34.06,44,1734,364,1133,351,2.5132,<1H OCEAN
1919,-120.92,38.86,11,1720,345,850,326,3.2027,INLAND
2036,-119.69,36.75,6,1926,303,965,316,4.7463,INLAND
5536,-118.44,33.96,33,2799,491,978,447,5.6435,<1H OCEAN
11508,-118.11,33.75,24,1608,314,592,314,5.0926,NEAR OCEAN
3053,-119.34,35.59,33,3240,654,1809,616,2.3934,INLAND
15883,-122.39,37.73,43,4864,972,3134,959,4.3393,NEAR BAY
20260,-119.18,34.21,30,1096,231,741,229,3.8625,NEAR OCEAN
10331,-117.77,33.84,5,4380,715,1913,741,6.7274,<1H OCEAN
19383,-120.86,37.77,28,1208,232,535,232,2.3523,INLAND
1213,-120.54,38.07,37,736,148,339,140,2.2875,INLAND
5584,-118.3,33.82,25,2659,765,2629,726,2.6368,<1H OCEAN
401,-122.29,37.89,52,2178,421,940,423,5.0551,NEAR BAY
8395,-118.37,33.96,26,138,23,100,20,4.875,<1H OCEAN
7344,-118.15,33.97,32,927,250,970,248,2.1591,<1H OCEAN
6787,-118.15,34.09,27,1935,460,1456,382,2.8062,<1H OCEAN
2242,-119.78,36.83,11,2754,663,1328,604,2.3667,INLAND
5502,-118.43,33.98,19,8324,1590,2927,1538,7.5426,<1H OCEAN
4258,-118.34,34.11,51,937,348,527,333,4.3571,<1H OCEAN
1249,-122.09,39.13,28,4169,895,2587,810,2.331,INLAND
8753,-118.36,33.82,26,5166,1313,2738,1239,3.3565,<1H OCEAN
14036,-117.14,32.75,29,1961,565,1002,569,2.2813,NEAR OCEAN
20391,-118.89,34.22,20,3878,665,1651,591,5.5402,<1H OCEAN
1639,-122.18,37.89,18,4845,735,1634,734,8.1489,NEAR BAY
5222,-118.25,33.95,28,2136,,1799,476,1.5427,<1H OCEAN
2885,-118.98,35.38,34,1020,247,795,228,1.625,INLAND
13988,-117.15,34.83,30,5370,1062,2778,944,3.099,INLAND
19120,-122.64,38.24,52,1621,393,635,349,2.5202,<1H OCEAN
15386,-117.03,33.32,14,1088,209,601,193,3.8438,<1H OCEAN
19044,-121.81,38.45,24,1951,341,1140,338,3.7061,INLAND
2640,-124.05,40.59,32,1878,340,937,353,3.4408,<1H OCEAN
13329,-117.67,34.04,16,3260,501,1973,535,4.6563,INLAND
6815,-118.08,34.1,36,2679,548,1605,533,3.5313,<1H OCEAN
5167,-118.29,33.94,34,1089,278,995,315,2.3352,<1H OCEAN
15342,-117.37,33.22,35,2204,482,1435,462,3.676,NEAR OCEAN
19885,-119.11,36.29,18,1666,294,859,301,2.6065,INLAND
16791,-122.45,37.67,36,1664,326,963,322,4.7813,NEAR OCEAN
16930,-122.32,37.57,52,499,148,318,145,2.9934,NEAR OCEAN
15148,-116.93,32.87,17,3722,670,1561,604,3.6027,<1H OCEAN
15131,-116.92,32.86,11,2204,518,1472,497,2.3693,<1H OCEAN
10736,-117.9,33.61,41,1521,328,527,275,4.0764,<1H OCEAN
12131,-117.22,33.93,14,5104,1026,3513,972,3.2148,INLAND
2557,-124.17,40.76,26,1776,361,992,380,2.8056,NEAR OCEAN
4209,-118.25,34.11,52,125,42,99,40,3.4375,<1H OCEAN
17310,-119.5,34.35,39,308,38,59,21,11.7794,NEAR OCEAN
2137,-119.72,36.81,15,2175,564,1194,482,2.6767,INLAND
17325,-120.11,34.66,18,1348,238,631,247,5.3154,NEAR OCEAN
318,-122.19,37.76,38,1493,370,1144,351,0.7683,NEAR BAY
2439,-119.61,36.59,10,2842,620,1443,576,2.2727,INLAND
10732,-117.87,33.6,33,3120,602,1155,553,5.2949,<1H OCEAN
9806,-121.95,36.61,31,1736,250,497,170,6.3835,NEAR OCEAN
16891,-122.37,37.59,52,2272,403,963,376,5.7245,NEAR OCEAN
19661,-120.84,37.5,47,2310,484,1126,447,2.2083,INLAND
11353,-117.92,33.75,32,790,199,1196,201,3.0625,<1H OCEAN
279,-122.18,37.81,37,1643,262,620,266,5.4446,NEAR BAY
4992,-118.31,33.99,45,1489,339,791,316,2.2339,<1H OCEAN
15049,-116.94,32.78,17,13559,2656,6990,2533,3.434,<1H OCEAN
6682,-118.09,34.15,49,1467,259,688,260,4.3452,INLAND
16424,-121.38,37.88,44,1158,226,1094,224,2.6842,INLAND
4829,-118.3,34.04,24,2092,585,1757,538,1.7109,<1H OCEAN
5812,-118.26,34.13,37,196,74,194,68,1.2188,<1H OCEAN
12981,-121.31,38.68,22,1194,207,545,223,3.8603,INLAND
15221,-117.06,32.97,17,4754,877,2412,832,4.3548,<1H OCEAN
4754,-118.33,34.05,46,3015,795,2300,725,2.0706,<1H OCEAN
4054,-118.43,34.15,31,1856,425,795,426,2.8448,<1H OCEAN
13461,-117.39,34.13,9,2228,398,1316,370,4.1632,INLAND
13637,-117.32,34.08,41,1359,264,786,244,2.5208,INLAND
19726,-121.7,39.07,26,2668,510,1437,505,3.3125,INLAND
15041,-116.96,32.78,26,2807,630,1785,580,2.1638,<1H OCEAN
6078,-117.86,34.09,29,3855,585,2205,609,5.5496,<1H OCEAN
9262,-120.04,36.96,23,2126,506,2091,491,1.3713,INLAND
10314,-117.82,33.85,21,2603,404,1350,390,6.057,<1H OCEAN
3417,-118.42,34.28,29,1271,272,1338,266,4.125,<1H OCEAN
7207,-118.18,34.02,43,887,219,965,217,2.625,<1H OCEAN
14609,-117.19,32.81,33,5226,833,2221,839,5.1491,NEAR OCEAN
15499,-117.25,33.1,14,3676,720,1176,614,3.9464,NEAR OCEAN
14011,-117.17,32.76,45,3149,639,1160,661,2.7266,NEAR OCEAN
19425,-121.03,37.69,6,2607,557,1266,475,3.4632,INLAND
18161,-122.05,37.36,29,1733,255,679,278,7.5337,<1H OCEAN
1901,-119.99,38.88,17,2807,529,675,251,2.7457,INLAND
5126,-118.28,33.99,38,1454,323,1098,297,1.5109,<1H OCEAN
5011,-118.33,34.01,43,2227,564,956,472,2.0217,<1H OCEAN
9803,-121.92,36.55,37,2190,419,490,300,3.7852,NEAR OCEAN
11695,-117.99,33.88,25,3401,509,1503,498,6.6704,<1H OCEAN
13420,-117.5,34.04,4,3428,649,2158,632,5.0175,INLAND
5478,-118.45,34,43,1606,408,862,354,3.962,<1H OCEAN
943,-122.01,37.53,19,4572,712,2346,709,6.0667,NEAR BAY
16893,-122.38,37.58,52,1704,226,671,243,8.4704,NEAR OCEAN
17420,-120.46,34.64,16,686,217,614,200,0.8106,NEAR OCEAN
15297,-117.35,33.16,22,1331,305,580,193,3.975,NEAR OCEAN
15469,-117.21,33.16,13,2937,698,1246,579,2.6487,<1H OCEAN
250,-122.22,37.78,51,1637,463,1543,393,2.489,NEAR BAY
9449,-119.85,37.39,14,2744,555,1153,474,2.753,INLAND
18443,-121.82,37.25,25,4021,634,2178,650,5.1663,<1H OCEAN
11932,-117.4,33.94,30,1198,251,1019,214,3.0509,INLAND
9823,-121.92,36.62,52,728,161,313,142,3.4327,NEAR OCEAN
10040,-121.05,39.2,48,1759,389,716,350,2.3125,INLAND
693,-122.11,37.7,23,1689,461,828,443,2.1552,NEAR BAY
153,-122.23,37.81,52,1433,229,612,213,4.7708,NEAR BAY
18468,-121.61,37.15,16,5498,729,2051,694,7.8601,<1H OCEAN
6450,-118.04,34.12,44,2007,288,921,307,6.5989,INLAND
15973,-122.4,37.72,41,1975,440,1528,424,3.8625,NEAR BAY
14522,-117.13,32.9,15,2785,644,1798,630,3.7156,<1H OCEAN
16809,-122.41,37.66,44,431,195,682,212,3.2833,NEAR OCEAN
6549,-118.02,34.05,33,2464,627,2932,568,3.0625,<1H OCEAN
20221,-119.27,34.29,32,2274,406,982,393,5.3254,NEAR OCEAN
4681,-118.34,34.08,52,2756,542,971,510,5.5871,<1H OCEAN
17639,-121.9,37.28,26,3756,,1408,535,5.6427,<1H OCEAN
13885,-115.93,35.55,18,1321,272,754,226,3.4028,INLAND
11576,-118,33.76,14,1120,319,982,307,2.9083,<1H OCEAN
16399,-121.24,38,25,1471,300,721,304,2.4688,INLAND
11989,-117.52,33.99,14,13562,2057,7600,2086,5.2759,INLAND
3159,-118.83,35.27,33,1190,217,717,196,2.6302,INLAND
10330,-117.76,33.83,15,3086,457,1262,436,6.4415,<1H OCEAN
5261,-118.53,34.09,37,5477,833,1925,757,8.1888,<1H OCEAN
4043,-118.5,34.17,37,880,,369,155,4.1429,<1H OCEAN
13049,-121.32,38.59,21,9774,1777,4674,1712,3.6817,INLAND
4746,-118.34,34.05,50,2009,419,1130,402,3.1944,<1H OCEAN
17178,-122.47,37.51,15,4974,764,2222,774,6.7606,NEAR OCEAN
10934,-117.9,33.74,24,2932,955,5516,911,2.7535,<1H OCEAN
18696,-122.37,40.58,25,2054,495,835,475,2.1538,INLAND
18016,-121.97,37.26,19,2174,454,998,426,4.6827,<1H OCEAN
16581,-121.43,37.76,7,2125,508,1358,464,3.6312,INLAND
3518,-118.48,34.25,35,1865,335,1074,337,5.1068,<1H OCEAN
15107,-117.02,32.84,17,4013,673,2263,661,5.131,<1H OCEAN
245,-122.21,37.78,43,1702,460,1227,407,1.7188,NEAR BAY
970,-121.89,37.67,19,2034,288,852,295,6.5285,INLAND
10957,-117.88,33.75,34,3004,673,5477,640,2.8342,<1H OCEAN
5005,-118.32,34.01,50,1842,377,817,341,3.1548,<1H OCEAN
8955,-118.39,34.02,45,1577,421,1042,375,3.4375,<1H OCEAN
11669,-118.01,33.86,29,2307,452,1218,402,3.4306,<1H OCEAN
4752,-118.32,34.04,48,1184,328,953,311,2.3526,<1H OCEAN
7458,-118.18,33.92,32,2035,519,2282,480,3.2734,<1H OCEAN
3091,-118.45,35.62,18,2304,527,782,390,1.4141,INLAND
19140,-122.7,38.31,14,3155,580,1208,501,4.1964,<1H OCEAN
3739,-118.39,34.18,42,1957,389,985,414,2.9327,<1H OCEAN
13905,-116.44,34.12,18,5584,1303,2250,1158,1.5823,INLAND
6046,-117.73,34.04,26,3827,814,3367,810,3.15,INLAND
5458,-118.46,34,39,614,174,538,159,2.3542,<1H OCEAN
8300,-118.14,33.76,50,914,167,322,165,4.7361,NEAR OCEAN
17816,-121.84,37.4,25,1866,271,840,275,6.8677,<1H OCEAN
465,-122.28,37.86,52,938,195,393,189,3.8594,NEAR BAY
14565,-117.2,32.84,32,2033,394,989,389,3.2583,NEAR OCEAN
18888,-122.24,38.11,42,1743,388,889,341,2.3241,NEAR BAY
19481,-120.97,37.66,21,2760,632,1260,576,2.0227,INLAND
8971,-118.4,34.01,48,1427,253,693,268,5.7405,<1H OCEAN
18591,-122.13,36.97,27,991,194,543,155,4.7188,NEAR OCEAN
10428,-117.64,33.45,26,1528,,607,218,6.2871,NEAR OCEAN
1105,-121.58,39.83,16,4591,904,1904,812,2.2419,INLAND
19423,-121.04,37.69,5,9601,1639,4449,1575,4.5332,INLAND
11007,-117.78,33.76,25,2260,261,719,254,11.4537,<1H OCEAN
17868,-121.91,37.44,19,2174,484,1645,484,5.0362,<1H OCEAN
12475,-121.48,38.58,52,576,146,273,127,2.01,INLAND
1201,-121.7,39.36,37,2330,495,1505,470,2.0474,INLAND
16293,-121.23,37.96,37,2351,564,1591,549,1.6563,INLAND
285,-122.17,37.77,30,3326,746,1704,703,2.875,NEAR BAY
17768,-121.85,37.35,29,3515,807,3572,776,2.7562,<1H OCEAN
17479,-119.86,34.41,24,1576,580,1630,531,1.24,NEAR OCEAN
19330,-122.85,38.46,22,3328,550,1309,512,4.7105,<1H OCEAN
1661,-121.94,37.93,16,3421,427,1341,428,7.5695,INLAND
8793,-118.39,33.79,30,4402,563,1582,551,10.898,NEAR OCEAN
2291,-119.78,36.8,34,3426,623,1938,647,2.8994,INLAND
14685,-117.04,32.83,8,2205,348,777,341,6.0266,<1H OCEAN
11768,-121.3,38.73,9,5558,1099,2717,1043,3.6455,INLAND
1687,-122.27,37.99,16,4921,737,2312,725,5.8899,NEAR BAY
14886,-117.08,32.63,28,2080,427,1266,434,2.2788,NEAR OCEAN
4678,-118.34,34.08,52,1721,195,688,196,15.0001,<1H OCEAN
2770,-115.91,33.36,15,459,95,160,73,0.922,INLAND
1438,-122,37.97,27,2491,428,1171,431,5.1021,INLAND
659,-122.15,37.71,36,998,178,531,183,4.0208,NEAR BAY
16201,-121.27,37.94,38,512,133,676,124,1.7386,INLAND
12440,-116.18,33.69,17,89,19,79,21,2.375,INLAND
7319,-118.2,33.97,30,1911,562,2055,534,2.3917,<1H OCEAN
5861,-118.33,34.18,48,2122,385,926,362,5.6975,<1H OCEAN
19680,-121.63,39.15,27,2991,637,1419,606,1.8849,INLAND
10784,-117.91,33.63,32,1901,400,946,418,2.7264,<1H OCEAN
4478,-118.17,34.07,19,2150,544,1510,467,3.4952,<1H OCEAN
11901,-117.36,33.92,7,9376,1181,3570,1107,8.5326,INLAND
2044,-119.67,36.72,31,843,140,453,149,2.6875,INLAND
86,-122.27,37.81,40,880,451,582,380,0.977,NEAR BAY
12424,-116.11,33.64,20,1273,354,1548,355,2.0871,INLAND
4856,-118.31,34.02,46,1976,469,1409,431,2.2981,<1H OCEAN
11602,-118.08,33.78,25,5321,967,1969,903,5.0102,<1H OCEAN
11771,-121.31,38.75,7,4185,750,2147,706,4.0519,INLAND
12538,-121.49,38.56,52,1844,392,667,353,3.0033,INLAND
9349,-122.56,37.97,52,1833,324,735,306,4.6944,NEAR BAY
16868,-122.39,37.6,36,1770,499,1225,459,2.56,NEAR OCEAN
9002,-118.34,33.99,48,1172,205,497,190,3.825,<1H OCEAN
13419,-117.5,34.04,5,3958,665,2456,666,5.1647,INLAND
11916,-117.4,33.95,32,1979,491,954,444,2.4408,INLAND
12985,-121.3,38.66,32,2915,492,1292,454,3.3188,INLAND
8846,-118.4,34.1,27,3979,510,1351,520,15.0001,<1H OCEAN
17855,-121.88,37.46,5,1819,245,802,228,10.9722,<1H OCEAN
13584,-117.3,34.13,42,2115,557,1532,494,1.4531,INLAND
13348,-117.64,34.03,10,3194,579,2088,549,4.1779,INLAND
8785,-118.32,33.79,21,6638,1634,3240,1568,3.6797,<1H OCEAN
12451,-114.57,33.64,14,1501,337,515,226,3.1917,INLAND
19415,-121.07,37.71,39,223,37,92,37,3.375,INLAND
18566,-121.74,36.92,14,3355,695,1350,697,2.6506,<1H OCEAN
525,-122.24,37.77,52,1711,386,885,373,3.6417,NEAR BAY
18478,-121.63,37.1,14,5034,797,2124,790,4.9028,<1H OCEAN
4971,-118.28,34.01,48,483,190,775,188,2.3309,<1H OCEAN
13607,-117.25,34.15,22,7935,1976,4523,1791,2.1465,INLAND
6437,-118.02,34.1,36,1928,361,1008,368,4.733,INLAND
1456,-121.98,37.96,22,2987,,1420,540,3.65,INLAND
17775,-121.86,37.36,31,1602,358,1179,354,4.4896,<1H OCEAN
8138,-118.1,33.83,36,1408,250,702,251,4.875,<1H OCEAN
253,-122.21,37.77,52,745,153,473,149,2.6765,NEAR BAY
17807,-121.88,37.39,13,3334,565,2240,561,7.105,<1H OCEAN
9899,-122.28,38.29,19,531,112,139,80,1.9875,NEAR BAY
11711,-120.18,39.17,18,1703,360,354,163,3.6563,INLAND
5619,-118.26,33.78,35,1239,473,1524,387,2.0956,NEAR OCEAN
8333,-118.31,33.93,37,1282,244,852,249,4.2917,<1H OCEAN
2415,-119.44,36.59,32,1153,236,761,241,2.825,INLAND
20049,-119.42,35.97,21,554,121,426,122,2.3516,INLAND
19537,-120.92,37.65,23,505,124,163,129,1.3696,INLAND
19513,-121.03,37.62,43,1241,240,612,266,2.8194,INLAND
1055,-121.86,39.78,12,7653,1578,3628,1494,3.0905,INLAND
395,-122.34,37.88,37,3061,930,2556,924,1.7375,NEAR BAY
5924,-117.76,34.13,8,16759,2274,7249,2156,7.4837,INLAND
4459,-118.18,34.1,10,1907,398,921,369,4.875,<1H OCEAN
1827,-122.31,37.92,38,1250,236,631,279,3.724,NEAR BAY
15100,-116.95,32.82,18,3038,592,1904,595,3.8024,<1H OCEAN
17627,-121.93,37.26,39,1103,175,446,163,2.8125,<1H OCEAN
13623,-117.27,34.12,52,954,246,943,256,0.8658,INLAND
11328,-117.94,33.76,27,2512,506,1861,511,4.2386,<1H OCEAN
7976,-118.2,33.87,36,1554,273,974,264,4.2135,<1H OCEAN
7756,-118.12,33.91,35,1518,279,857,251,3.6917,<1H OCEAN
20536,-121.73,38.55,34,1717,393,1224,387,2.7917,INLAND
3662,-118.38,34.25,38,983,185,513,170,4.8816,<1H OCEAN
2197,-119.88,36.81,30,2288,474,1435,425,1.3221,INLAND
7285,-118.24,33.98,45,972,249,1288,261,2.2054,<1H OCEAN
11798,-121.22,38.92,19,2531,461,1206,429,4.4958,INLAND
14415,-117.24,32.79,18,2539,616,964,526,3.4306,NEAR OCEAN
13655,-117.31,34.04,5,2785,577,1310,536,3.39,INLAND
9955,-122.18,38.35,24,407,68,175,61,6.0266,INLAND
16995,-122.26,37.54,5,3264,442,1607,453,9.1415,NEAR BAY
12041,-117.49,33.9,7,10235,2238,5271,2094,3.6071,INLAND
10998,-117.8,33.76,27,2655,345,1017,335,6.9014,<1H OCEAN
10263,-117.85,33.87,15,5078,806,2569,759,5.6549,<1H OCEAN
4799,-118.36,34.03,36,1083,342,1023,295,2.1324,<1H OCEAN
8735,-118.31,33.82,35,3462,814,1902,700,3.402,<1H OCEAN
4136,-118.18,34.12,52,1081,311,904,283,1.9219,<1H OCEAN
11992,-117.51,33.97,35,352,62,184,57,3.6691,INLAND
8071,-118.17,33.82,50,3587,693,1513,651,5.5106,NEAR OCEAN
5609,-118.27,33.79,31,1535,369,1291,340,2.9375,<1H OCEAN
6619,-118.13,34.18,52,1464,211,603,226,5.8309,INLAND
44,-122.26,37.83,52,1443,311,660,292,3.0125,NEAR BAY
9359,-122.52,37.95,33,4448,631,1675,628,7.8904,NEAR BAY
14916,-117.04,32.63,26,2074,356,1228,335,4.1154,NEAR OCEAN
7702,-118.13,33.96,36,1933,341,958,335,4.4732,<1H OCEAN
19501,-121.03,37.66,31,887,217,614,199,2.1528,INLAND
15753,-122.45,37.77,52,2296,509,1039,472,4.1417,NEAR BAY
2788,-118.42,37.35,21,3302,557,1413,520,4.375,INLAND
20235,-119.27,34.28,50,1710,412,915,380,3.1757,NEAR OCEAN
9747,-121.54,36.7,12,6758,1241,3918,1100,3.525,<1H OCEAN
16218,-121.34,37.97,33,2493,454,1203,436,3.765,INLAND
15196,-117.09,32.91,9,2012,316,802,289,6.5706,<1H OCEAN
10150,-117.92,33.89,18,2895,487,1116,429,5.4716,<1H OCEAN
14521,-117.14,32.9,16,3217,,2054,687,4.2234,<1H OCEAN
20125,-118.8,34.41,45,1610,,1148,347,2.7,<1H OCEAN
17542,-121.88,37.34,44,1267,353,1018,327,2.4196,<1H OCEAN
15971,-122.41,37.71,40,2054,433,1738,429,4.9926,NEAR BAY
17200,-119.75,34.5,26,3563,579,1479,575,5.9522,<1H OCEAN
15359,-117.33,33.24,13,4543,881,2298,870,2.9386,NEAR OCEAN
16391,-121.25,38.01,16,2397,501,1053,557,2.6994,INLAND
19372,-120.79,37.82,17,4227,729,1809,679,3.2667,INLAND
10441,-117.59,33.4,22,3167,743,1797,642,4.0076,NEAR OCEAN
6596,-118.15,34.17,46,2553,558,1740,492,2.0278,<1H OCEAN
11274,-117.99,33.78,19,7399,1698,3554,1593,3.1049,<1H OCEAN
12467,-121.44,38.58,42,2334,435,892,446,3.0208,INLAND
823,-122.05,37.61,16,1642,346,705,351,2.8971,NEAR BAY
15585,-116.58,33.09,36,992,224,334,126,3.0089,INLAND
15398,-117.15,33.2,16,2690,459,1253,393,4.0328,<1H OCEAN
11542,-118.02,33.75,26,2989,479,1596,475,5.7157,<1H OCEAN
3616,-118.44,34.26,28,1077,288,1377,293,3.9167,<1H OCEAN
14175,-117.05,32.75,35,2144,388,1003,383,3.0938,NEAR OCEAN
1627,-122.18,37.88,36,542,119,231,121,4.9,NEAR BAY
18417,-121.84,37.27,16,2429,387,1293,363,5.5,<1H OCEAN
2084,-119.81,36.76,52,1792,352,1049,357,2.4375,INLAND
13066,-121.32,38.54,13,4715,1090,2420,1059,2.9693,INLAND
19438,-121.01,37.68,33,828,123,373,133,5.5,INLAND
19191,-122.7,38.45,47,904,154,310,144,3.9766,<1H OCEAN
4086,-118.39,34.16,20,4084,1062,1637,987,3.2388,<1H OCEAN
9380,-122.46,37.88,35,2492,409,812,373,8.8386,NEAR BAY
7923,-118.08,33.86,29,1018,235,684,248,3.3333,<1H OCEAN
6538,-118.04,34.05,34,1058,230,1043,229,3.0536,<1H OCEAN
19967,-119.09,36.22,34,1715,290,780,297,3.4306,INLAND
1395,-122.07,37.98,12,6915,1639,2940,1468,4.0154,NEAR BAY
10985,-117.82,33.74,25,2720,680,1559,631,3.0958,<1H OCEAN
4642,-118.3,34.06,21,3960,1490,3468,1335,1.8214,<1H OCEAN
1514,-122.06,37.9,25,5869,1685,2669,1554,2.6998,NEAR BAY
17053,-122.24,37.47,40,1504,270,689,287,6.1244,NEAR OCEAN
9629,-121,37.25,31,1923,341,806,349,3.1738,INLAND
8663,-118.38,33.83,40,3070,570,1264,506,5.1626,<1H OCEAN
16452,-121.27,38.13,52,1081,257,437,225,2.1979,INLAND
8166,-118.13,33.8,36,1496,271,743,265,4.4312,<1H OCEAN
16094,-122.5,37.76,50,1993,410,1009,374,3.9464,NEAR OCEAN
9383,-122.5,37.91,31,7001,1282,2755,1267,5.4851,NEAR BAY
19829,-119.38,36.56,14,3965,804,1945,733,2.6906,INLAND
1635,-122.2,37.88,36,1065,160,398,155,7.7736,NEAR BAY
2855,-118.92,35.38,33,3122,579,1733,545,3.8307,INLAND
9800,-121.92,36.56,40,2124,449,643,341,5.5164,NEAR OCEAN
15476,-117.17,33.18,25,596,115,426,137,3.0221,<1H OCEAN
12296,-116.88,33.93,37,1495,429,865,342,1.2188,INLAND
15191,-117.05,33.02,18,917,121,388,131,6.3517,<1H OCEAN
4370,-118.28,34.11,52,2036,348,775,332,5.4122,<1H OCEAN
13295,-117.64,34.07,43,1970,379,1036,391,3.2083,INLAND
20503,-118.75,34.33,27,534,85,243,77,8.2787,<1H OCEAN
12292,-116.98,33.93,33,376,83,267,88,2.1581,INLAND
9516,-123.22,39.16,29,6121,1222,3595,1189,2.631,<1H OCEAN
3270,-122.99,39.02,14,1582,301,851,273,3.45,<1H OCEAN
12734,-121.34,38.58,18,1631,228,599,228,7.8031,INLAND
14040,-117.14,32.75,20,1182,379,678,326,2.1937,NEAR OCEAN
10665,-117.87,33.61,25,2267,359,866,348,7.79,<1H OCEAN
11299,-117.93,33.78,28,4380,820,2187,835,3.9018,<1H OCEAN
20334,-119.01,34.23,11,5785,1035,2760,985,4.693,<1H OCEAN
18261,-122.08,37.37,29,1229,,707,194,7.1108,NEAR BAY
20039,-118.97,36.06,26,1289,262,1100,244,1.975,INLAND
7696,-118.12,33.95,35,1604,280,802,280,5.752,<1H OCEAN
12432,-116.12,33.53,17,2421,820,2971,685,1.654,INLAND
1956,-120.76,38.73,17,512,129,314,140,1.5625,INLAND
15551,-117.09,33.11,32,1713,321,891,286,3.1429,<1H OCEAN
7395,-118.25,33.95,41,1576,339,1252,302,1.9798,<1H OCEAN
7456,-118.16,33.91,41,1806,408,1146,374,2.9643,<1H OCEAN
14582,-117.18,32.84,31,3064,575,1476,549,3.6667,NEAR OCEAN
5451,-118.46,34.01,43,513,98,266,103,5.6428,<1H OCEAN
18634,-121.99,37.05,19,2023,392,955,328,5.2486,NEAR OCEAN
7321,-118.18,33.99,38,1010,315,1157,301,1.6341,<1H OCEAN
708,-122.07,37.68,36,1815,426,1280,431,3.25,NEAR BAY
1002,-121.78,37.69,34,2358,498,1157,461,3.3618,INLAND
15820,-122.42,37.75,52,1855,611,1715,614,2.1289,NEAR BAY
9385,-122.47,37.89,23,10774,1736,3895,1683,7.2905,NEAR BAY
11579,-118.02,33.77,7,586,118,232,107,5.2077,<1H OCEAN
7715,-118.12,33.94,35,1813,313,825,316,5.2485,<1H OCEAN
20335,-118.94,34.24,5,10018,1233,4253,1120,8.9063,<1H OCEAN
10313,-117.8,33.85,23,3038,470,1568,438,5.6403,<1H OCEAN
6147,-117.96,34.1,35,4036,904,3878,846,3.2957,INLAND
19749,-122.24,40.18,39,2191,493,1307,499,1.6483,INLAND
3303,-122.62,38.96,16,1914,446,828,332,2.0577,INLAND
10734,-117.87,33.6,34,3415,779,1275,718,4.498,<1H OCEAN
5180,-118.26,33.95,44,1481,329,999,315,1.5147,<1H OCEAN
3710,-118.38,34.2,32,993,285,1044,248,2.4306,<1H OCEAN
15982,-122.47,37.76,52,2941,783,1545,726,2.9899,NEAR BAY
15241,-117.23,32.99,17,2718,326,1011,319,15.0001,NEAR OCEAN
19068,-122.47,38.29,14,3732,846,1277,775,2.5658,NEAR BAY
19394,-120.83,37.77,20,1717,403,1062,401,1.6759,INLAND
10533,-117.68,33.51,4,2428,401,959,386,6.2661,<1H OCEAN
17257,-119.7,34.41,52,1526,458,1633,449,2.2069,NEAR OCEAN
8976,-118.41,34.01,33,3306,974,2475,924,2.8797,<1H OCEAN
19714,-121.68,39.29,29,1860,400,1137,365,1.5281,INLAND
9835,-121.92,36.63,36,877,175,349,168,3.4167,<1H OCEAN
17985,-121.95,37.3,25,5641,1517,3786,1410,3.3958,<1H OCEAN
8034,-118.13,33.84,48,1895,294,881,293,6.3364,<1H OCEAN
11651,-118.05,33.85,25,2856,388,1212,362,6.1737,<1H OCEAN
2990,-118.99,35.32,35,1576,405,870,282,1.6575,INLAND
5809,-118.27,34.15,7,2837,776,2287,736,3.008,<1H OCEAN
20592,-121.58,39.14,52,662,160,520,149,0.8928,INLAND
2028,-119.75,36.71,38,1481,,1543,372,1.4577,INLAND
8257,-118.17,33.77,12,4409,1401,3068,1262,2.2808,NEAR OCEAN
1057,-121.84,39.76,14,2351,620,1215,548,2.3155,INLAND
2811,-119.03,35.42,42,1705,418,905,393,1.6286,INLAND
8430,-118.36,33.92,19,2807,883,1546,815,2.6375,<1H OCEAN
9601,-120.48,37.3,49,2919,719,1956,679,1.5427,INLAND
1671,-122.21,38.06,52,2735,559,1076,487,3.6154,NEAR BAY
5060,-118.35,34,28,3085,621,1162,558,3.25,<1H OCEAN
7464,-118.19,33.93,42,1829,391,1614,377,3.1912,<1H OCEAN
14355,-117.22,32.75,26,617,112,251,110,3.8036,NEAR OCEAN
6319,-117.97,34,28,1983,375,1407,367,3.8319,<1H OCEAN
3326,-122.77,38.92,26,712,140,293,100,4.0119,INLAND
8960,-118.4,34.01,44,1494,262,618,266,5.4035,<1H OCEAN
19671,-120.83,37.52,6,1488,252,773,259,4.1859,INLAND
18793,-122.66,40.52,13,3013,486,1361,515,4.5357,INLAND
20380,-118.83,34.14,16,1316,194,450,173,10.1597,NEAR OCEAN
8678,-118.32,33.88,37,1402,254,722,251,6.4781,<1H OCEAN
14088,-117.09,32.76,43,3889,711,1466,663,3.5529,NEAR OCEAN
3028,-119.46,35.13,46,2745,543,1423,482,2.1955,INLAND
6755,-118.1,34.11,49,3367,523,1317,495,6.706,<1H OCEAN
11471,-118,33.67,34,3712,667,1521,632,4.8125,<1H OCEAN
10670,-117.86,33.62,17,2975,371,1247,398,10.1989,<1H OCEAN
9396,-122.52,37.9,16,1704,402,689,348,4.4239,NEAR BAY
10638,-117.79,33.7,16,1416,249,636,244,5.1741,<1H OCEAN
11186,-117.96,33.83,34,982,148,498,156,6.3214,<1H OCEAN
18426,-121.82,37.25,16,2650,600,1969,586,3.9461,<1H OCEAN
157,-122.24,37.81,52,1490,238,634,256,6.0302,NEAR BAY
17140,-122.17,37.45,33,1828,396,766,378,4.4531,NEAR BAY
14171,-117.06,32.76,37,2356,476,1231,499,2.965,NEAR OCEAN
17373,-120.43,34.96,24,2739,414,1171,413,4.8155,<1H OCEAN
17432,-120.45,34.65,21,1182,243,733,251,3.1442,NEAR OCEAN
13506,-117.33,34.12,33,933,219,838,211,1.3417,INLAND
15182,-117.08,33.04,10,2577,347,1193,365,6.53,<1H OCEAN
16727,-120.76,35.52,7,9613,1666,4487,1653,3.6667,<1H OCEAN
10986,-117.83,33.75,34,2660,601,1475,567,3.4152,<1H OCEAN
8565,-118.42,33.92,41,1621,279,756,277,5.0594,<1H OCEAN
14618,-117.15,32.8,23,2395,476,2284,488,3.7292,NEAR OCEAN
8755,-118.36,33.81,25,9042,2022,4458,1944,4.5592,<1H OCEAN
8364,-118.35,33.97,25,1864,616,1710,575,2.2303,<1H OCEAN
10391,-117.65,33.58,2,2411,354,703,217,7.8061,<1H OCEAN
8203,-118.15,33.78,17,1584,435,904,406,2.0875,NEAR OCEAN
10332,-117.76,33.86,14,3666,442,1400,433,10.1316,<1H OCEAN
928,-122.03,37.55,22,9167,1373,4319,1404,6.992,NEAR BAY
19463,-120.98,37.68,24,705,114,347,141,3.1912,INLAND
18195,-122.01,37.39,26,2500,962,2374,879,3.5586,<1H OCEAN
19362,-123.49,38.7,9,5409,1019,594,327,3.3125,NEAR OCEAN
13859,-117.27,34.48,8,1794,276,690,271,3.662,INLAND
265,-122.19,37.78,52,1026,180,469,168,2.875,NEAR BAY
2511,-119.54,36.51,36,49,7,28,2,4.625,INLAND
20056,-119.1,35.79,19,1809,477,2051,416,1.8144,INLAND
14638,-117.19,32.79,36,1514,258,665,278,3.8571,NEAR OCEAN
2010,-119.82,36.72,17,1276,242,927,238,2.6176,INLAND
19851,-119.21,36.39,31,1465,303,1013,297,2.0363,INLAND
3660,-118.4,34.22,36,2557,540,1556,491,3.6591,<1H OCEAN
11644,-118.04,33.81,22,4057,624,2204,643,5.8527,<1H OCEAN
11419,-117.96,33.69,20,3123,441,1319,432,6.091,<1H OCEAN
13090,-121.36,38.55,33,1191,198,554,191,2.8021,INLAND
14504,-117.22,32.87,14,3512,807,1835,792,3.35,NEAR OCEAN
14270,-117.12,32.69,37,1082,294,1146,265,2.0673,NEAR OCEAN
10033,-121.08,39.22,30,2188,,1033,437,2.1419,INLAND
2933,-118.98,35.37,36,1562,398,1223,329,0.9675,INLAND
1551,-121.94,37.75,16,5121,735,2464,761,6.6204,<1H OCEAN
15894,-122.39,37.73,52,1070,224,567,207,2.8603,NEAR BAY
3931,-118.59,34.21,26,2335,669,1986,645,2.9974,<1H OCEAN
12367,-116.43,33.81,8,6710,1343,2069,781,3.5223,INLAND
1967,-120.63,38.75,17,3145,621,1432,559,2.7201,INLAND
16900,-122.33,37.58,40,2362,468,992,425,4.7917,NEAR OCEAN
17822,-121.87,37.38,14,3851,534,2052,478,7.0735,<1H OCEAN
3190,-119.8,36.29,7,479,84,327,103,5.1728,INLAND
13542,-117.31,34.14,38,2011,448,1190,403,1.8654,INLAND
2792,-118.39,37.36,38,1813,410,902,396,2.3261,INLAND
14620,-117.16,32.79,32,1731,413,1569,427,3.3375,NEAR OCEAN
11629,-118.08,33.81,21,1189,281,577,264,3.3155,<1H OCEAN
3092,-118.47,35.64,17,2248,535,927,427,1.3023,INLAND
19499,-121.02,37.67,32,3951,797,1916,740,2.6722,INLAND
9589,-120.47,37.34,9,2934,511,1227,501,3.6742,INLAND
11620,-118.05,33.84,21,4890,653,2295,654,6.983,<1H OCEAN
7733,-118.14,33.93,32,2065,438,1075,442,4.4279,<1H OCEAN
17837,-121.9,37.44,12,4228,734,2594,732,6.6086,<1H OCEAN
14539,-117.14,32.92,15,1558,314,949,332,5.2864,<1H OCEAN
9432,-122.81,38.08,19,1615,366,815,337,3.4609,NEAR OCEAN
15046,-116.9,32.77,8,3600,492,1421,482,6.2609,<1H OCEAN
15209,-117.08,33.01,5,5659,931,2565,902,6.1949,<1H OCEAN
16705,-120.52,35.06,11,1317,234,655,243,4.3611,<1H OCEAN
5630,-118.3,33.76,18,9659,1716,4336,1674,5.7764,<1H OCEAN
4212,-118.26,34.11,52,1740,402,749,335,3.5673,<1H OCEAN
17465,-119.91,34.4,24,2001,365,1170,330,6.0992,NEAR OCEAN
10065,-121.13,39.31,17,3442,705,1693,619,2.8102,INLAND
6135,-117.99,34.07,35,1681,360,1648,373,2.4911,INLAND
3128,-117.98,35.13,5,4849,920,2504,847,3.5391,INLAND
1541,-122.04,37.85,27,6039,780,2181,761,9.5862,NEAR BAY
7356,-118.16,33.96,24,1635,507,2480,481,2.4432,<1H OCEAN
6894,-118.11,34.05,23,3436,565,1729,529,5.9941,<1H OCEAN
6892,-118.09,34.04,18,5580,1369,3842,1276,3.6512,<1H OCEAN
17704,-121.82,37.31,15,1504,294,1267,291,5.5145,<1H OCEAN
17921,-121.99,37.35,25,1527,325,707,339,4.375,<1H OCEAN
19166,-122.7,38.43,28,1585,412,1362,424,1.6685,<1H OCEAN
872,-122.02,37.56,23,4332,857,2461,829,4.3594,NEAR BAY
14868,-117.09,32.64,19,2571,791,1205,783,1.62,NEAR OCEAN
10612,-117.79,33.68,10,2106,319,1002,332,8.735,<1H OCEAN
15466,-117.21,33.17,16,1787,361,1446,362,3.75,<1H OCEAN
18957,-122.05,38.25,39,199,36,101,38,6.2299,INLAND
12171,-117.15,33.7,2,6305,1265,2489,1152,3.1319,INLAND
8002,-118.14,33.86,36,1774,348,934,333,4.8571,<1H OCEAN
1714,-122.33,38,35,3779,711,2493,679,2.9781,NEAR BAY
6197,-117.89,34.09,37,1813,394,1100,375,3.4453,<1H OCEAN
8400,-118.37,33.95,52,836,175,747,166,4.125,<1H OCEAN
8620,-118.38,33.86,24,3124,560,1312,542,6.3021,<1H OCEAN
2687,-115.55,32.98,33,2266,365,952,360,5.4349,INLAND
17817,-121.83,37.4,27,1145,150,492,160,5.716,<1H OCEAN
15872,-122.41,37.76,52,2479,515,1816,496,3.0774,NEAR BAY
1902,-119.98,38.9,16,3109,572,885,334,3.5,INLAND
562,-122.23,37.75,50,1542,289,654,268,3.9632,NEAR BAY
6180,-117.92,34.08,35,1860,323,1011,305,3.5536,<1H OCEAN
13513,-117.33,34.12,38,1703,385,1356,363,2.0391,INLAND
4042,-118.5,34.15,33,3104,387,1111,376,13.4196,<1H OCEAN
11211,-117.91,33.82,32,2696,640,2330,626,2.9479,<1H OCEAN
6379,-118.05,34.17,45,2535,455,1036,437,5.0482,INLAND
7316,-118.19,33.98,36,4179,,4582,1196,2.0087,<1H OCEAN
1778,-122.35,37.94,34,1880,459,1358,422,1.6571,NEAR BAY
1519,-122.08,37.92,28,2377,469,1068,435,4.4561,NEAR BAY
13015,-121.19,38.71,11,4415,,1520,627,3.2321,INLAND
8919,-118.47,34.02,35,3057,774,2223,732,2.0745,<1H OCEAN
470,-122.29,37.86,52,1665,404,815,372,1.9946,NEAR BAY
3200,-119.65,36.35,38,3148,568,1378,537,2.8788,INLAND
20392,-118.87,34.23,14,4242,746,1858,689,6.0145,<1H OCEAN
3232,-119.69,36.25,35,2011,349,970,300,2.395,INLAND
13444,-117.43,34.08,13,4563,1187,2475,1019,2.1189,INLAND
18450,-121.81,37.23,24,2413,369,1237,381,6.4328,<1H OCEAN
19787,-122.95,40.67,17,1498,331,574,242,2.0268,INLAND
6777,-118.16,34.12,38,2231,489,940,484,5.4165,<1H OCEAN
137,-122.19,37.82,32,1835,264,635,263,8.317,NEAR BAY
19011,-122,38.35,24,745,116,300,115,3.6176,INLAND
10452,-117.66,33.46,26,2073,370,952,340,5.0877,<1H OCEAN
16323,-121.32,37.98,20,1591,589,1916,536,1.3531,INLAND
19564,-120.94,37.61,13,3309,603,1796,555,3.8372,INLAND
10320,-117.78,33.85,16,3781,504,1665,499,7.2554,<1H OCEAN
16492,-121.11,38.04,32,1083,188,471,178,2.9241,INLAND
19084,-122.55,38.42,24,2220,411,894,365,4.2891,<1H OCEAN
19830,-119.38,36.55,31,2342,439,1411,465,3.017,INLAND
17185,-122.43,37.43,17,11999,2249,5467,1989,4.8405,NEAR OCEAN
13805,-117.03,34.91,27,2718,583,1472,509,2.825,INLAND
19989,-119.32,36.19,11,1281,291,861,313,1.0962,INLAND
5515,-118.41,33.98,33,3331,777,1695,735,3.9727,<1H OCEAN
16060,-122.49,37.76,49,1724,295,795,297,4.3977,NEAR BAY
5980,-117.74,34.1,26,2723,604,1847,498,2.6779,INLAND
15769,-122.44,37.77,52,5604,1268,2023,1196,4.4085,NEAR BAY
6137,-117.97,34.08,8,2027,480,1781,447,3.0806,INLAND
13125,-121.35,38.28,17,2756,557,1986,530,3.2234,INLAND
17535,-121.88,37.36,42,2087,402,1342,423,4.2149,<1H OCEAN
11631,-118.03,33.82,17,2178,477,1077,457,3.6815,<1H OCEAN
5276,-118.55,33.99,39,2603,456,928,410,7.9096,NEAR OCEAN
7933,-118.07,33.82,27,3481,576,1660,560,5.7965,<1H OCEAN
15796,-122.42,37.76,52,3587,1030,2259,979,2.5403,NEAR BAY
8677,-118.32,33.88,34,1803,341,947,333,5.5538,<1H OCEAN
5225,-118.25,33.93,40,975,270,1068,270,0.9889,<1H OCEAN
7578,-118.22,33.89,41,990,228,776,207,2.125,<1H OCEAN
15975,-122.45,37.77,52,2602,,1330,647,3.5435,NEAR BAY
8202,-118.15,33.79,25,4013,1097,2297,969,3.0453,NEAR OCEAN
10816,-117.93,33.63,10,2766,732,1332,646,4.6161,<1H OCEAN
12315,-116.42,33.51,26,186,48,102,39,2.5625,INLAND
1665,-122.25,38.02,16,1803,267,946,266,5.7001,NEAR BAY
14072,-117.11,32.76,29,2030,545,1014,518,2.2409,NEAR OCEAN
10490,-117.67,33.49,10,366,61,128,61,8.163,<1H OCEAN
11712,-120.15,39.17,32,1684,359,454,209,2.9125,INLAND
3379,-118.27,34.25,37,2489,454,1215,431,5.0234,<1H OCEAN
30,-122.28,37.84,49,1916,447,863,378,1.9274,NEAR BAY
13707,-117.21,34.12,32,1677,354,1021,339,3.6853,INLAND
4588,-118.27,34.05,52,1292,864,2081,724,0.9563,<1H OCEAN
4328,-118.33,34.08,50,2989,832,1345,775,3.2426,<1H OCEAN
18036,-121.91,37.23,22,2614,453,1240,462,6.0712,<1H OCEAN
3691,-118.35,34.22,41,1560,374,1668,389,3.025,<1H OCEAN
12802,-121.44,38.61,33,1591,466,1000,418,1.0467,INLAND
11639,-118.05,33.83,24,4316,678,2286,665,5.7018,<1H OCEAN
18006,-121.97,37.3,31,3340,735,1891,686,4.8542,<1H OCEAN
9695,-121.61,36.68,37,3149,833,3456,788,2.8542,<1H OCEAN
5764,-118.29,34.17,12,2238,682,1882,611,2.9,<1H OCEAN
7139,-118.12,34.02,36,1595,383,1105,359,2.4286,<1H OCEAN
17598,-121.89,37.3,52,2071,362,825,364,4.2414,<1H OCEAN
17961,-121.98,37.31,28,3840,629,1883,662,6.4095,<1H OCEAN
6868,-118.11,34.06,32,1273,344,1148,368,2.1061,<1H OCEAN
116,-122.25,37.83,28,5022,1750,2558,1661,2.4234,NEAR BAY
19429,-121.06,37.67,31,906,146,383,129,3.4167,INLAND
2286,-119.76,36.79,32,2463,468,1261,486,3.3281,INLAND
18120,-122,37.32,34,3450,731,1915,689,4.7402,<1H OCEAN
2124,-119.7,36.8,34,1768,303,888,314,3.8088,INLAND
17705,-121.81,37.31,14,2731,578,1109,551,3.1382,<1H OCEAN
238,-122.21,37.79,45,2115,533,1530,474,2.4167,NEAR BAY
19196,-122.7,38.44,45,883,202,401,194,3.2845,<1H OCEAN
17865,-121.89,37.42,26,40,8,52,7,7.7197,<1H OCEAN
538,-122.28,37.78,29,5154,,3741,1273,2.5762,NEAR BAY
11839,-120.95,39.93,26,2023,385,922,365,2.8125,INLAND
3205,-119.62,36.35,10,3674,734,1864,718,2.6145,INLAND
2611,-123.88,40.93,28,1272,259,519,220,3.2891,<1H OCEAN
8393,-118.36,33.96,17,3431,934,2365,810,3.0393,<1H OCEAN
20507,-121.52,38.59,35,6418,1545,3814,1496,1.6647,INLAND
13229,-117.66,34.15,25,3430,485,1284,438,8.5282,INLAND
12023,-117.5,33.95,29,932,153,711,172,4.8214,INLAND
20299,-119.21,34.18,13,6103,1319,2986,1212,3.9718,NEAR OCEAN
7914,-118.08,33.88,30,1901,519,2685,496,3.2639,<1H OCEAN
6176,-117.93,34.08,36,1788,317,1139,320,4.125,<1H OCEAN
11562,-117.99,33.75,22,3024,754,2357,743,3.3125,<1H OCEAN
12481,-121.5,38.58,5,761,306,2031,295,0.7526,INLAND
11600,-118.08,33.78,34,2287,347,1051,346,5.5767,<1H OCEAN
20416,-118.85,34.2,28,2040,297,848,280,6.7612,<1H OCEAN
803,-122.06,37.64,20,1655,450,857,430,3.5541,NEAR BAY
17941,-121.94,37.33,37,1822,329,845,348,4.75,<1H OCEAN
3850,-118.46,34.18,35,1819,465,1336,419,3.4583,<1H OCEAN
18883,-122.25,38.1,52,2315,556,1113,486,2.5042,NEAR BAY
10584,-117.81,33.71,16,2666,387,1227,347,7.3769,<1H OCEAN
13082,-121.37,38.57,16,3895,896,1762,855,2.6635,INLAND
4087,-118.4,34.15,31,3881,909,1535,846,3.0398,<1H OCEAN
1793,-122.42,37.93,47,3453,779,1353,728,4.016,NEAR BAY
7877,-118.15,33.87,29,2690,659,1747,617,3.3713,<1H OCEAN
16282,-121.29,37.93,37,2488,578,1854,514,2.551,INLAND
11012,-117.83,33.77,22,2956,642,1342,558,4.1151,<1H OCEAN
8398,-118.36,33.95,42,2532,627,2038,591,2.875,<1H OCEAN
2935,-118.98,35.36,15,1482,338,1059,279,1.2617,INLAND
18968,-122.02,38.27,20,2237,464,1169,425,3.2115,INLAND
759,-122.08,37.66,33,1547,372,1063,356,2.5625,NEAR BAY
8612,-118.37,33.86,28,2685,581,1243,529,4.119,<1H OCEAN
13587,-117.29,34.12,47,1648,432,1308,385,1.2069,INLAND
8371,-118.34,33.98,45,1298,294,1064,268,3.7067,<1H OCEAN
4723,-118.37,34.05,41,2369,544,1252,522,2.9883,<1H OCEAN
11071,-117.85,33.83,26,1904,292,945,303,5.6784,<1H OCEAN
16397,-121.25,38,21,446,73,182,57,2.8958,INLAND
2042,-119.69,36.74,23,2097,385,911,405,3.5128,INLAND
19704,-121.64,39.11,18,3212,542,1817,508,3.3793,INLAND
19198,-122.69,38.44,31,1808,315,691,280,3.8583,<1H OCEAN
9889,-122.3,38.3,52,1128,207,450,197,3.3542,NEAR BAY
11559,-117.98,33.76,28,3215,652,2066,636,4.0194,<1H OCEAN
13394,-117.59,34.02,14,1463,261,881,245,4.7857,INLAND
235,-122.2,37.79,35,1802,459,1009,390,2.3036,NEAR BAY
10299,-117.87,33.92,17,4575,764,2054,737,6.0571,<1H OCEAN
3198,-119.65,36.37,4,3725,783,1478,600,3.5486,INLAND
19573,-120.95,37.62,11,4981,814,1934,686,3.7041,INLAND
12129,-117.23,33.89,5,11775,2031,6686,1911,4.1953,INLAND
7841,-118.18,33.9,25,1709,442,1177,410,2.4333,<1H OCEAN
20243,-119.25,34.26,30,2948,827,1635,750,2.67,NEAR OCEAN
13009,-121.29,38.67,20,1992,363,889,346,3.6516,INLAND
2120,-119.73,36.75,39,1745,321,901,303,3.1719,INLAND
5892,-118.32,34.17,45,3448,690,1562,643,4.0648,<1H OCEAN
13463,-117.37,34.13,17,2681,470,1621,459,3.875,INLAND
15686,-122.42,37.79,48,4506,1342,1980,1239,4.0156,NEAR BAY
13611,-117.27,34.15,35,1490,253,705,253,3.3616,INLAND
2993,-119.09,35.3,3,2821,519,1353,495,3.6852,INLAND
2779,-114.65,32.79,21,44,33,64,27,0.8571,INLAND
10879,-117.9,33.71,16,4208,630,2592,662,6.1966,<1H OCEAN
6937,-118.09,34,35,1580,331,1290,338,4.1458,<1H OCEAN
13111,-121.37,38.39,15,1883,254,893,256,6.2575,INLAND
20069,-120.37,38.01,30,473,,242,93,2.5417,INLAND
8686,-118.32,33.86,32,3485,678,1715,649,4.6563,<1H OCEAN
9907,-122.29,38.32,23,4312,993,2317,934,2.7667,NEAR BAY
12374,-116.36,33.78,6,24121,4522,4176,2221,3.3799,INLAND
15587,-116.61,33.04,11,2522,538,616,269,3.875,INLAND
10203,-117.92,33.87,36,1125,285,966,257,2.8438,<1H OCEAN
18703,-122.38,40.57,43,2251,542,1479,512,1.5676,INLAND
17905,-121.97,37.35,35,1880,370,926,321,4.2273,<1H OCEAN
15212,-117.09,32.98,23,1125,273,687,308,2.3182,<1H OCEAN
9536,-120.79,37.43,17,2534,517,1764,502,2.8519,INLAND
971,-121.9,37.67,15,2130,273,876,285,7.2639,<1H OCEAN
3941,-118.59,34.21,34,2389,521,1560,514,4.8333,<1H OCEAN
7220,-118.16,34.02,41,1256,391,1511,381,1.7981,<1H OCEAN
6789,-118.16,34.09,52,1722,448,1122,425,3.1204,<1H OCEAN
14602,-117.16,32.8,37,422,79,211,80,3.0625,NEAR OCEAN
2498,-120.51,36.55,20,1193,263,1274,241,1.9417,INLAND
18057,-122,37.27,33,1664,271,759,272,5.7876,<1H OCEAN
7974,-118.2,33.87,26,703,202,757,212,2.525,<1H OCEAN
18276,-122.07,37.34,35,1172,184,512,175,7.3561,<1H OCEAN
19973,-118.93,36.19,30,2685,546,951,523,2.6184,INLAND
16262,-121.25,37.95,40,1703,362,1208,373,2.0817,INLAND
14858,-117.08,32.65,17,2633,712,1487,694,2.5392,NEAR OCEAN
15909,-122.42,37.74,52,1674,346,734,335,3.8864,NEAR BAY
5055,-118.35,34.02,34,3978,1073,2725,1035,1.7622,<1H OCEAN
13243,-117.65,34.14,9,3877,490,1815,490,8.4839,INLAND
14251,-117.09,32.73,28,3109,594,1559,589,3.5789,NEAR OCEAN
6493,-118.02,34.08,28,2769,631,2452,581,2.6071,INLAND
12731,-121.36,38.59,32,3303,480,1185,436,5.0508,INLAND
12401,-116.31,33.65,8,3079,558,1572,474,4.5938,INLAND
7118,-118.02,33.9,34,1636,358,977,357,3.5938,<1H OCEAN
12196,-117.43,33.55,8,446,62,188,68,9.4356,<1H OCEAN
9765,-121.62,36.43,20,1335,290,717,243,4.7891,<1H OCEAN
19548,-121.01,37.63,41,2764,639,2122,600,1.9643,INLAND
19267,-122.74,38.44,17,2287,497,1240,493,3.5845,<1H OCEAN
15331,-117.31,33.24,6,1580,288,792,265,4.0469,<1H OCEAN
19918,-119.3,36.3,14,3023,469,1523,492,5.3602,INLAND
7073,-118.02,33.95,35,2085,400,1112,391,3.4886,<1H OCEAN
13882,-117.26,34.43,11,4597,782,2534,776,3.3368,INLAND
3561,-118.57,34.25,20,4679,609,1945,609,8.7471,<1H OCEAN
13727,-117.19,34.06,21,6107,1559,2805,1444,2.5643,INLAND
19975,-118.54,36.12,11,4103,882,356,171,2.1029,INLAND
16281,-121.28,37.94,40,2806,685,2268,635,1.8814,INLAND
8082,-118.2,33.81,43,3013,574,1525,529,4.95,NEAR OCEAN
18263,-122.09,37.37,34,2165,355,776,339,5.2971,NEAR BAY
12456,-114.6,33.62,16,3741,801,2434,824,2.6797,INLAND
2245,-119.79,36.83,15,3356,694,1232,627,2.2215,INLAND
11976,-117.44,33.99,12,9966,1517,5008,1492,4.5625,INLAND
9291,-122.44,38.03,13,4284,1042,2146,937,4.1289,NEAR BAY
17972,-121.95,37.32,20,1145,198,431,173,3.1103,<1H OCEAN
12420,-116.2,33.7,26,2399,625,2654,535,2.2989,INLAND
14768,-117.1,32.57,26,2343,371,1221,372,4.3601,NEAR OCEAN
7745,-118.15,33.93,42,1839,346,1034,339,4.9808,<1H OCEAN
13825,-117.15,34.48,31,265,55,186,55,2.125,INLAND
14408,-117.25,32.76,38,2331,493,836,433,4.9125,NEAR OCEAN
1862,-124.15,41.81,17,3276,628,3546,585,2.2868,NEAR OCEAN
11126,-117.91,33.85,22,1178,289,865,294,3.025,<1H OCEAN
1802,-122.36,37.92,52,215,41,126,43,1.3929,NEAR BAY
12873,-121.36,38.67,17,2770,684,1471,624,2.3683,INLAND
17180,-122.53,37.5,19,4768,807,2199,805,6.1896,NEAR OCEAN
16160,-122.49,37.78,42,2723,579,1419,519,3.6429,NEAR BAY
9518,-123.19,39.15,16,2577,495,1232,488,2.6012,<1H OCEAN
18771,-122.29,40.44,30,1270,365,840,324,1.3904,INLAND
7961,-118.19,33.87,27,4701,1359,2571,1216,2.5417,<1H OCEAN
8177,-118.09,33.8,36,1724,322,838,328,4.4831,<1H OCEAN
15692,-122.44,37.79,52,2045,353,722,327,8.0755,NEAR BAY
2586,-124.09,40.88,50,921,187,420,187,2.2188,NEAR OCEAN
4675,-118.35,34.07,52,2315,356,894,345,4.1328,<1H OCEAN
5514,-118.4,33.99,39,1613,380,1113,356,2.825,<1H OCEAN
3747,-118.41,34.17,35,2027,428,879,402,4.692,<1H OCEAN
13443,-117.42,34.08,21,4460,930,2657,839,2.7569,INLAND
1860,-124.16,41.92,19,1668,324,841,283,2.1336,NEAR OCEAN
6384,-118.05,34.16,41,3320,713,1236,659,3.5694,INLAND
615,-122.16,37.73,52,2260,416,994,412,4.1164,NEAR BAY
16602,-120.69,35.62,43,3044,652,1456,608,2.4567,<1H OCEAN
3724,-118.42,34.18,27,3760,880,2022,812,3.1551,<1H OCEAN
4646,-118.31,34.06,34,1848,667,1351,589,2.0547,<1H OCEAN
794,-122.08,37.64,30,5267,1253,4065,1113,3.3479,NEAR BAY
114,-122.25,37.83,35,1613,428,675,422,3.4722,NEAR BAY
16732,-120.65,35.41,15,6725,1111,3139,1029,4.1875,<1H OCEAN
13967,-116.89,34.27,13,3661,770,567,228,4.4063,INLAND
2752,-115.4,32.7,19,583,113,531,134,1.6838,INLAND
13197,-117.7,34.07,33,1552,288,1326,303,3.7969,INLAND
10473,-117.73,33.51,5,4549,786,1238,632,6.1785,<1H OCEAN
15858,-122.39,37.76,52,157,28,88,27,3.675,NEAR BAY
12086,-117.38,33.89,12,3964,524,1707,549,5.1624,INLAND
10476,-117.69,33.6,17,2150,361,1194,335,5.4622,<1H OCEAN
20161,-119.29,34.37,41,1408,311,793,264,2.5441,NEAR OCEAN
14318,-117.14,32.7,44,658,218,869,212,1.9338,NEAR OCEAN
18414,-121.84,37.27,9,3624,812,1856,721,4.2083,<1H OCEAN
16099,-122.51,37.76,43,2345,624,1439,614,2.8448,NEAR OCEAN
20119,-120.35,37.95,13,2104,407,960,401,2.4,INLAND
9409,-122.53,37.89,35,4127,689,1596,707,5.9073,NEAR BAY
18740,-122.36,40.57,31,431,90,231,78,2.184,INLAND
1205,-121.71,39.42,21,1432,284,862,275,2.2813,INLAND
1753,-122.34,37.96,33,1817,441,1220,389,2.5382,NEAR BAY
17981,-121.95,37.31,27,2462,570,1278,565,3.5652,<1H OCEAN
18671,-121.91,36.97,19,4920,1092,1807,922,3.5112,NEAR OCEAN
4667,-118.29,34.05,34,1102,,1325,439,1.5972,<1H OCEAN
14131,-117.08,32.76,18,1704,596,1639,548,1.7391,NEAR OCEAN
1528,-122.07,37.89,38,2139,343,809,340,5.5636,NEAR BAY
3728,-118.43,34.18,31,2417,510,1102,507,3.8906,<1H OCEAN
4393,-118.27,34.08,46,3007,854,2587,814,2.7179,<1H OCEAN
17767,-121.84,37.35,22,2914,768,2962,762,2.2031,<1H OCEAN
829,-122.08,37.61,26,2261,443,1039,395,3.7931,NEAR BAY
6624,-118.14,34.17,52,2667,486,1681,504,4.0524,<1H OCEAN
895,-121.96,37.54,14,5106,1207,2738,1108,3.9909,<1H OCEAN
10245,-117.86,33.9,25,3205,409,1291,408,7.2478,<1H OCEAN
20008,-119.06,36.15,20,1282,273,852,247,1.6354,INLAND
10186,-117.95,33.87,35,1854,383,1115,381,4.4784,<1H OCEAN
2967,-119.12,35.33,4,8574,1489,4250,1444,5.1036,INLAND
10511,-117.69,33.53,17,5041,778,2396,801,6.0868,<1H OCEAN
19339,-122.79,38.54,5,3986,737,1887,687,3.7768,<1H OCEAN
165,-122.25,37.8,43,2364,792,1359,722,2.1429,NEAR BAY
18605,-122.11,37.14,29,3201,640,1722,570,4.4597,NEAR OCEAN
12408,-116.25,33.81,24,880,187,507,169,3.4583,INLAND
6416,-118.02,34.14,31,6854,1578,4131,1524,3.5878,INLAND
5500,-118.42,33.99,35,1701,482,1428,494,3.725,<1H OCEAN
5025,-118.32,33.99,43,1257,232,735,232,3.7167,<1H OCEAN
12575,-121.42,38.53,36,1581,288,832,291,3.4083,INLAND
7165,-118.17,34.05,35,1256,294,2990,302,3.1528,<1H OCEAN
1433,-122.03,37.99,37,1755,327,882,350,4.59,NEAR BAY
5313,-118.44,34.06,13,4833,1119,1649,807,6.2389,<1H OCEAN
15966,-122.45,37.71,34,3131,669,2204,600,3.5536,NEAR OCEAN
6025,-117.74,34.08,35,1613,298,911,293,3.4398,INLAND
750,-122.06,37.67,22,3882,816,1830,743,4.2733,NEAR BAY
3504,-118.45,34.26,35,1724,311,992,315,4.8359,<1H OCEAN
19495,-121.01,37.66,36,3679,613,1366,581,4.5,INLAND
20105,-120.3,37.97,17,3243,619,1408,566,2.474,INLAND
73,-122.29,37.81,46,12,4,18,7,0.4999,NEAR BAY
3502,-118.44,34.27,36,1111,275,1333,266,3.5347,<1H OCEAN
13473,-117.37,34.07,52,50,9,60,16,4.125,INLAND
9421,-122.53,37.86,38,1183,196,628,205,3.75,NEAR BAY
6546,-118.03,34.05,36,1345,331,1511,309,3.5129,<1H OCEAN
6168,-117.93,34.09,35,1891,353,1093,382,4.0167,<1H OCEAN
19236,-122.65,38.47,24,2268,330,847,296,3.858,<1H OCEAN
6582,-118.2,34.21,42,1493,237,665,224,6.7571,<1H OCEAN
3957,-118.59,34.21,17,2737,868,2924,785,2.5797,<1H OCEAN
12085,-117.34,33.89,17,2678,394,1225,367,5.363,INLAND
11287,-117.95,33.8,34,1654,285,905,292,4.6389,<1H OCEAN
2790,-118.4,37.36,34,2465,619,1172,575,1.9722,INLAND
6664,-118.13,34.16,52,1787,427,1107,410,2.5664,<1H OCEAN
17939,-121.94,37.34,41,2151,473,1092,469,3.7321,<1H OCEAN
10009,-121.14,39.1,13,1085,227,629,214,5.0389,INLAND
5426,-118.42,34.02,28,3167,737,1248,665,3.1941,<1H OCEAN
8217,-118.19,33.78,24,225,72,439,71,2.8533,NEAR OCEAN
12742,-121.36,38.62,34,2447,503,1077,456,3.058,INLAND
13431,-117.42,34.1,18,3977,809,2231,742,4.1399,INLAND
6641,-118.15,34.15,49,806,199,698,172,2.3654,<1H OCEAN
9314,-122.51,37.97,37,4296,1089,2100,1025,3.2462,NEAR BAY
14931,-116.97,32.65,4,16450,2833,7985,2683,5.6631,NEAR OCEAN
5961,-117.84,34.11,17,3499,621,1911,621,4.8894,INLAND
20544,-121.76,38.55,23,8800,1857,6330,1832,2.065,INLAND
20478,-118.73,34.27,25,3409,493,1699,484,5.653,<1H OCEAN
270,-122.18,37.78,33,142,31,575,47,3.875,NEAR BAY
3672,-118.41,34.21,35,1789,292,897,267,5.592,<1H OCEAN
18802,-122.08,40.64,14,3099,519,1447,494,4.0132,INLAND
10171,-117.98,33.87,29,1310,332,937,294,3.8068,<1H OCEAN
3201,-119.66,36.35,15,1724,374,947,391,3.1094,INLAND
3026,-119.45,35.15,33,5050,964,2293,919,3.1592,INLAND
18875,-122.22,38.07,4,15654,2394,7025,2168,5.8171,NEAR BAY
20210,-119.23,34.3,18,1713,244,690,239,6.9483,NEAR OCEAN
1656,-121.93,37.89,13,2085,292,852,264,7.3445,INLAND
9084,-118.19,34.67,8,11275,1822,5731,1692,5.0285,INLAND
17259,-119.72,34.42,31,1524,383,1257,398,2.6019,NEAR OCEAN
7408,-118.22,33.96,35,1437,474,2113,484,2.6179,<1H OCEAN
20517,-121.54,38.58,30,4648,1252,2524,1089,1.3177,INLAND
17979,-121.95,37.32,33,726,168,351,147,3.1458,<1H OCEAN
6694,-118.09,34.14,40,3092,549,1457,536,5.3377,INLAND
19632,-120.85,37.55,45,350,62,187,63,2.5938,INLAND
18571,-121.76,36.92,46,947,257,1120,264,3.4125,<1H OCEAN
10845,-117.89,33.68,26,2905,504,1452,491,5.0853,<1H OCEAN
4864,-118.28,34.04,19,460,241,890,229,1.6089,<1H OCEAN
10415,-117.58,33.65,4,1606,498,815,426,3.375,<1H OCEAN
12371,-116.42,33.76,14,16921,2837,2524,1262,7.6281,INLAND
20403,-118.88,34.22,22,3654,517,1565,518,6.2748,<1H OCEAN
8466,-118.34,33.92,6,1047,271,740,248,3.425,<1H OCEAN
14975,-116.99,32.7,15,3660,622,2629,612,4.0444,NEAR OCEAN
7048,-118.05,33.94,34,495,120,527,130,1.9453,<1H OCEAN
15254,-117.27,33.02,13,5723,1242,2450,1140,4.7179,NEAR OCEAN
15108,-116.96,32.85,11,9724,1796,5247,1777,4.1716,<1H OCEAN
13404,-117.46,34.1,35,908,226,667,203,2.5833,INLAND
5316,-118.43,34.06,38,2982,664,1122,572,4.1908,<1H OCEAN
4249,-118.34,34.11,40,5485,1242,2034,1133,3.6974,<1H OCEAN
12407,-116.29,33.72,5,3584,760,1097,470,3.1771,INLAND
7516,-118.25,33.91,36,1950,365,1125,374,3.1111,<1H OCEAN
20398,-118.86,34.22,26,1775,295,1004,323,5.5845,<1H OCEAN
20188,-119.17,34.27,24,4165,646,2194,658,6.0661,NEAR OCEAN
19476,-120.96,37.67,18,1442,229,538,220,4.2969,INLAND
6133,-117.99,34.06,32,2491,616,2660,595,2.564,INLAND
14331,-117.15,32.72,51,1321,,781,499,1.3071,NEAR OCEAN
6129,-117.99,34.08,11,2399,527,2307,531,3.5625,INLAND
14162,-117.05,32.77,23,2556,662,1200,548,1.8899,NEAR OCEAN
17955,-121.99,37.34,27,3353,653,1571,621,5.273,<1H OCEAN
19711,-121.65,39.16,16,5022,1103,2087,956,2.3963,INLAND
1181,-121.55,39.48,41,461,107,284,90,2.2045,INLAND
18593,-122.09,37.09,46,695,136,408,148,3.9408,NEAR OCEAN
13761,-117.09,34.01,37,106,18,27,12,4.0556,INLAND
992,-121.61,37.77,32,404,74,144,58,4.2083,INLAND
15332,-117.32,33.22,15,4784,1039,1810,986,2.4375,NEAR OCEAN
15853,-122.43,37.74,52,1514,314,724,301,5.3292,NEAR BAY
13481,-117.37,34.1,10,3404,855,1656,675,1.6977,INLAND
12980,-121.31,38.68,16,5179,1271,2181,1151,2.1009,INLAND
19065,-122.46,38.29,21,2423,560,1098,503,2.364,NEAR BAY
3967,-118.57,34.2,33,1759,311,943,315,5.223,<1H OCEAN
16747,-122.46,37.69,35,1983,385,1577,414,4.0833,NEAR OCEAN
14604,-117.16,32.81,34,2275,375,1021,379,3.6371,NEAR OCEAN
5970,-117.78,34.09,32,2643,516,1862,478,3.7177,INLAND
16240,-121.29,37.99,41,930,191,463,185,3.4141,INLAND
6909,-117.93,33.95,31,3600,468,1382,435,7.4597,<1H OCEAN
4783,-118.33,34.03,39,2840,826,1911,688,1.9018,<1H OCEAN
4786,-118.32,34.03,47,1734,453,1272,438,3.1731,<1H OCEAN
7249,-118.12,33.99,27,2316,559,2012,544,2.8155,<1H OCEAN
4961,-118.3,34.01,52,1908,428,1271,394,2.5885,<1H OCEAN
9787,-120.79,36.06,29,1916,386,1019,314,2.4881,<1H OCEAN
3174,-119.78,36.37,41,831,149,443,146,3.1406,INLAND
17452,-120.47,34.7,24,2387,385,1051,382,4.4595,NEAR OCEAN
19731,-122.1,40.05,26,633,129,305,140,2.1827,INLAND
13439,-117.42,34.09,28,3193,525,1750,523,4.1375,INLAND
7100,-117.99,33.9,33,2161,383,1235,383,5.6454,<1H OCEAN
2580,-124.02,40.8,22,2588,435,1198,442,3.9792,<1H OCEAN
5196,-118.27,33.94,43,1309,344,1182,340,1.6625,<1H OCEAN
3461,-118.45,34.32,23,3481,641,1952,682,4.26,<1H OCEAN
19079,-122.49,38.32,17,3308,720,1587,632,3.2727,<1H OCEAN
13435,-117.44,34.1,43,1614,400,926,349,2.075,INLAND
13770,-117.02,34.03,19,4415,648,1627,619,4.2361,INLAND
12498,-121.46,38.56,52,1750,372,764,369,2.9191,INLAND
19092,-122.62,38.24,19,1687,253,893,257,6.204,<1H OCEAN
16890,-122.38,37.59,49,1657,266,613,270,5.7837,NEAR OCEAN
20465,-118.75,34.27,26,966,191,690,191,5.1698,<1H OCEAN
11742,-121.15,38.91,23,1654,299,787,299,4.2723,INLAND
2134,-119.71,36.8,25,875,156,646,166,3,INLAND
1411,-122.08,37.93,35,4043,689,1832,662,5.0761,NEAR BAY
2656,-124.25,40.28,32,1430,419,434,187,1.9417,NEAR OCEAN
4001,-118.65,34.18,26,4607,656,1769,643,7.4918,<1H OCEAN
19460,-120.98,37.69,18,3176,468,1296,471,5.5684,INLAND
5263,-118.52,34.04,47,1985,315,819,340,6.5147,<1H OCEAN
11214,-117.91,33.82,32,1408,307,1331,284,3.7014,<1H OCEAN
16810,-122.41,37.65,32,3436,868,2583,817,3.5039,NEAR OCEAN
16123,-122.47,37.78,51,1485,386,880,385,2.7431,NEAR BAY
1450,-121.95,37.96,18,2739,393,1072,374,6.1436,INLAND
5203,-118.28,33.93,42,1898,460,1503,429,2.5179,<1H OCEAN
18460,-121.8,37.26,16,1868,285,995,284,5.9053,<1H OCEAN
10347,-117.66,33.61,21,1932,266,860,286,7.1497,<1H OCEAN
4798,-118.35,34.03,42,2043,512,1634,501,1.9928,<1H OCEAN
13185,-117.76,33.94,40,1092,213,457,190,5.1165,<1H OCEAN
2232,-119.78,36.85,12,782,166,292,164,2.8274,INLAND
19653,-120.85,37.49,39,2840,733,2606,737,1.9429,INLAND
3771,-118.43,34.16,40,1134,184,452,187,4.569,<1H OCEAN
5899,-118.31,34.16,37,2144,446,860,435,3.9464,<1H OCEAN
11844,-120.92,40.02,35,383,92,202,72,2.6458,INLAND
15313,-117.37,33.2,19,928,317,845,319,1.6318,NEAR OCEAN
8742,-118.32,33.82,22,2508,402,1254,395,7.0935,<1H OCEAN
3871,-118.54,34.21,22,6064,1826,4876,1697,2.875,<1H OCEAN
7483,-118.22,33.93,30,443,170,903,189,2.1964,<1H OCEAN
4913,-118.27,34.01,43,1235,385,1745,372,2.0817,<1H OCEAN
4210,-118.25,34.1,42,598,147,312,144,2.625,<1H OCEAN
13743,-117.16,34.08,9,5306,993,2630,925,4.51,INLAND
17593,-121.91,37.3,31,2095,427,829,405,3.6563,<1H OCEAN
10840,-117.93,33.65,26,5831,1546,4738,1477,3.1483,<1H OCEAN
1098,-121.74,39.59,24,1535,279,726,272,2.3833,INLAND
14092,-117.11,32.76,21,2226,600,1085,533,2.2604,NEAR OCEAN
18692,-121.73,36.93,29,2931,535,1954,506,3.2917,<1H OCEAN
19968,-119.09,36.21,43,1335,280,943,288,1.9861,INLAND
7357,-118.17,33.96,25,3297,1066,5027,1041,2.2817,<1H OCEAN
7034,-118.08,33.95,32,1962,387,1274,398,4.8304,<1H OCEAN
14926,-117.01,32.67,17,2319,348,1125,337,5.551,NEAR OCEAN
17663,-121.89,37.26,25,3319,531,1560,502,5.8479,<1H OCEAN
4019,-118.49,34.18,31,3073,674,1486,684,4.8984,<1H OCEAN
18408,-121.8,37.27,17,3912,737,2693,746,5.0772,<1H OCEAN
11805,-121.32,38.89,9,5927,1269,3369,1176,2.8194,INLAND
17069,-122.25,37.53,16,4428,664,1677,623,7.6864,NEAR BAY
5667,-118.3,33.72,28,2647,658,1459,595,3.4474,NEAR OCEAN
5962,-117.84,34.12,34,2026,345,1142,332,4.392,INLAND
18753,-122.38,40.69,21,1774,370,875,354,1.7422,INLAND
3581,-118.54,34.25,26,2639,378,1191,401,6.2788,<1H OCEAN
3944,-118.62,34.22,33,1636,275,866,289,5.6356,<1H OCEAN
11855,-120.38,39.82,10,1262,258,510,209,2.1667,INLAND
2848,-118.96,35.4,27,2473,400,1271,427,3.5524,INLAND
9734,-121.64,36.82,18,1819,283,919,295,4.1696,<1H OCEAN
6418,-118,34.15,43,2583,633,1544,617,2.5417,INLAND
16850,-122.42,37.62,40,1545,264,756,282,4.4643,NEAR OCEAN
18318,-122.11,37.44,35,2016,349,1023,376,5.6413,NEAR BAY
3801,-118.35,34.15,35,2245,393,783,402,4.1544,<1H OCEAN
9348,-122.56,37.98,36,2649,542,1111,557,4.8056,NEAR BAY
4106,-118.36,34.13,36,6871,1180,2216,1130,8.0499,<1H OCEAN
6996,-118.03,33.95,34,1882,428,1034,375,3.6509,<1H OCEAN
17736,-121.8,37.31,21,2630,446,1789,389,5.0543,<1H OCEAN
92,-122.28,37.8,52,96,31,191,34,0.75,NEAR BAY
6737,-118.08,34.13,39,788,128,413,139,5.9546,INLAND
5325,-118.43,34.04,52,2425,435,962,412,5.8587,<1H OCEAN
15139,-116.91,32.85,21,4152,703,2255,697,4.5096,<1H OCEAN
1374,-122.12,38.01,50,1300,263,691,239,3.9519,NEAR BAY
11374,-117.96,33.68,25,2004,349,1085,343,4.7656,<1H OCEAN
6984,-118.02,33.96,36,2071,398,988,404,4.6226,<1H OCEAN
1485,-122.01,37.95,8,3866,539,1555,513,6.0901,NEAR BAY
7884,-118.13,33.87,20,3638,868,2326,822,3.3304,<1H OCEAN
1517,-122.07,37.93,25,7201,1521,3264,1433,3.7433,NEAR BAY
6823,-118.1,34.09,42,1460,289,829,273,4.875,<1H OCEAN
11608,-118.05,33.78,18,3414,434,1272,454,8.7015,<1H OCEAN
8541,-118.36,33.88,33,2408,534,1644,523,4.2454,<1H OCEAN
12463,-121.42,38.57,38,1878,338,710,342,3.7731,INLAND
4738,-118.38,34.05,49,702,,458,187,4.8958,<1H OCEAN
3386,-118.3,34.25,36,1300,304,688,261,3.1523,<1H OCEAN
16206,-121.32,37.95,40,964,230,742,209,1.2625,INLAND
19327,-122.91,38.49,37,2469,519,1137,474,3.6343,<1H OCEAN
345,-122.18,37.75,36,1047,214,651,166,1.712,NEAR BAY
14781,-117.09,32.57,10,2198,368,1645,350,4.5547,NEAR OCEAN
1619,-122.12,37.82,26,2269,317,918,313,6.6657,NEAR BAY
7405,-118.21,33.96,39,2265,628,2323,599,2.1522,<1H OCEAN
1038,-120.93,38.5,15,1248,234,529,216,3.3393,INLAND
8640,-118.4,33.87,26,6712,1441,2803,1394,5.2276,<1H OCEAN
10867,-117.88,33.7,17,5122,1544,2966,1339,3.4835,<1H OCEAN
2253,-119.82,36.8,33,1670,256,528,250,2.9471,INLAND
12920,-121.31,38.66,26,1604,245,751,267,4.7381,INLAND
8011,-118.12,33.85,37,2584,453,1333,481,4.3661,<1H OCEAN
16308,-121.36,38.01,16,1080,166,507,182,4.5278,INLAND
15744,-122.43,37.78,52,1952,628,1284,576,2.105,NEAR BAY
7473,-118.2,33.93,36,2210,634,2341,553,2.1715,<1H OCEAN
4199,-118.24,34.12,34,80,26,125,35,0.8907,<1H OCEAN
14004,-116.94,34.4,20,6541,1401,2631,980,2.1339,INLAND
19622,-121.29,37.33,36,48,12,27,8,4,INLAND
1025,-120.56,38.48,14,3545,702,946,411,3.4609,INLAND
10275,-117.87,33.86,28,2292,531,2197,509,3.4856,<1H OCEAN
9598,-120.48,37.31,42,2361,512,1684,511,2.355,INLAND
15828,-122.43,37.75,52,2700,595,1181,575,3.575,NEAR BAY
13445,-117.45,34.07,21,3465,639,2292,628,3.3553,INLAND
9157,-118.46,34.42,25,2988,525,1884,513,4.7007,<1H OCEAN
13937,-117.27,34.24,34,3687,756,941,367,2.875,INLAND
13769,-117.03,34.07,16,3784,577,1615,525,4.2333,INLAND
17464,-119.88,34.42,22,2367,492,1333,488,3.6304,NEAR OCEAN
8548,-118.34,33.88,42,725,183,493,172,3.2589,<1H OCEAN
12829,-121.46,38.7,32,965,183,568,188,3.8611,INLAND
6747,-118.07,34.11,41,2869,563,1627,533,5.0736,<1H OCEAN
17124,-122.13,37.46,35,1321,300,1133,287,3.7312,NEAR BAY
12112,-117.32,34.01,23,3021,527,1580,533,4.4063,INLAND
4051,-118.43,34.15,28,6270,1706,2549,1497,3.2241,<1H OCEAN
18985,-121.94,38.27,35,10869,2226,9879,2152,2.5681,INLAND
13,-122.26,37.84,52,696,191,345,174,2.6736,NEAR BAY
15833,-122.44,37.75,52,3114,637,1144,591,4,NEAR BAY
3022,-119.45,35.16,34,3437,696,1783,608,2.3912,INLAND
7328,-118.17,33.97,33,2410,641,2106,593,2.2422,<1H OCEAN
10518,-117.71,33.51,12,4676,698,1543,598,6.379,<1H OCEAN
14349,-117.21,32.75,15,1716,702,914,672,1.0612,NEAR OCEAN
20190,-119.17,34.26,10,3654,541,1638,551,6.1885,NEAR OCEAN
2623,-124.07,40.81,23,2103,411,1019,387,2.9911,NEAR OCEAN
5103,-118.3,33.95,50,1843,326,892,314,3.1346,<1H OCEAN
2709,-115.69,32.79,18,1564,340,1161,343,2.1792,INLAND
13056,-121.28,38.61,23,2547,504,1235,469,2.4722,INLAND
8181,-118.1,33.81,36,1962,325,786,315,5.62,<1H OCEAN
9685,-121.63,36.71,19,5015,1013,3251,940,3.9818,<1H OCEAN
11042,-117.82,33.81,19,2556,304,822,260,9.9055,<1H OCEAN
4239,-118.32,34.11,42,2462,543,857,482,4.0833,<1H OCEAN
9659,-121.16,41.78,42,2918,576,1182,440,2.1434,INLAND
1719,-122.33,37.98,3,2850,544,1024,515,6.0115,NEAR BAY
13880,-117.34,34.46,9,5983,1122,3515,1064,3.1505,INLAND
13508,-117.33,34.13,18,3009,740,2317,659,1.6375,INLAND
17428,-120.47,34.65,16,2549,428,1486,432,4.2875,NEAR OCEAN
2513,-122.18,39.75,30,4157,834,1885,774,1.6948,INLAND
17889,-121.95,37.41,13,2164,412,1087,411,4.7625,<1H OCEAN
106,-122.24,37.81,52,2026,482,709,456,3.2727,NEAR BAY
17890,-121.94,37.42,16,3936,788,1910,769,4.7049,<1H OCEAN
15340,-117.29,33.19,18,6235,1233,4127,1162,3.0704,NEAR OCEAN
10908,-117.86,33.74,9,525,171,1257,165,3.375,<1H OCEAN
18911,-122.24,38.14,15,8479,1759,5008,1646,3.724,NEAR BAY
564,-122.24,37.75,27,4051,753,1499,797,4.8711,NEAR BAY
17281,-119.73,34.42,23,1364,227,638,238,5.3279,NEAR OCEAN
1059,-121.89,39.76,15,10265,1860,4591,1906,3.07,INLAND
3501,-118.46,34.27,28,1865,463,1182,440,2.6193,<1H OCEAN
12881,-121.34,38.68,28,3379,552,1543,556,4.2743,INLAND
4881,-118.25,34.02,32,1375,448,1698,432,1.6302,<1H OCEAN
13918,-116.02,34.18,8,569,97,312,96,4.3021,INLAND
12368,-116.42,33.79,12,7095,1260,1179,570,4.9444,INLAND
4509,-118.2,34.05,50,1407,401,1526,385,2.29,<1H OCEAN
1254,-122.01,39.21,52,1989,392,985,396,2.5556,INLAND
9104,-117.98,34.53,13,2815,535,1492,491,4.0945,INLAND
20588,-121.59,39.15,5,1922,489,938,439,2.0474,INLAND
16822,-122.53,37.65,20,4582,1124,2325,1040,4.0556,NEAR OCEAN
20173,-119.17,34.29,18,3932,724,1896,680,5.2953,NEAR OCEAN
2171,-119.87,36.78,4,6102,1114,3406,1115,3.4213,INLAND
6810,-118.1,34.1,34,2578,645,1628,617,2.34,<1H OCEAN
8499,-118.29,33.89,32,2355,583,1605,571,4.2171,<1H OCEAN
11974,-117.42,34,32,1617,346,1153,385,3.016,INLAND
17551,-121.86,37.34,29,5274,1625,6234,1639,2.5947,<1H OCEAN
9296,-122.55,38.03,29,7174,1169,3063,1172,6.0902,NEAR BAY
9472,-123.34,39.5,15,2342,535,1064,433,1.8967,INLAND
13075,-121.29,38.59,19,2460,470,1346,480,3.6563,INLAND
6968,-118.05,33.98,41,1406,428,1174,390,2.0147,<1H OCEAN
1192,-121.54,39.33,27,720,150,359,138,2.5313,INLAND
8069,-118.18,33.83,39,3622,745,1330,648,3.3125,NEAR OCEAN
18676,-121.9,36.93,22,7281,1233,1849,832,5.3276,NEAR OCEAN
12437,-116.17,33.66,22,639,203,664,153,1.9306,INLAND
74,-122.29,37.81,20,835,161,290,133,2.483,NEAR BAY
14832,-117.09,32.67,31,2051,549,1581,538,2.052,NEAR OCEAN
4956,-118.31,34.01,52,2547,475,1417,444,1.8214,<1H OCEAN
17751,-121.84,37.33,26,1934,408,2059,416,3.6765,<1H OCEAN
10606,-117.81,33.68,8,1964,413,913,406,5.1583,<1H OCEAN
16461,-121.3,38.11,5,5979,1190,2679,1084,4.196,INLAND
9973,-122.4,38.53,24,1741,289,564,231,3.6118,INLAND
15735,-122.43,37.78,26,3587,1034,1821,936,2.6392,NEAR BAY
16952,-122.33,37.53,25,1729,383,769,352,4.0417,NEAR OCEAN
8790,-118.36,33.8,34,2629,369,966,375,10.1241,NEAR OCEAN
4440,-118.21,34.08,52,3672,808,3062,764,2.6806,<1H OCEAN
19313,-122.89,38.42,28,2388,437,1015,381,5.1512,<1H OCEAN
19742,-122.72,40.17,16,396,78,188,72,1.3889,INLAND
6505,-118.06,34.08,34,1197,260,942,245,3.4202,<1H OCEAN
16927,-122.33,37.58,43,1772,422,1573,401,2.7474,NEAR OCEAN
10072,-120.17,39.33,10,614,141,195,95,0.9283,INLAND
6480,-118.04,34.09,32,1339,334,817,349,2.8333,INLAND
17198,-119.75,34.45,6,2864,,1404,603,5.5073,NEAR OCEAN
6797,-118.14,34.08,24,2999,786,2937,796,2.9405,<1H OCEAN
7335,-118.18,33.98,38,1477,374,1514,408,2.5703,<1H OCEAN
6889,-118.09,34.05,22,1764,357,1379,363,3.5357,<1H OCEAN
17871,-122.07,37.44,21,4599,986,2756,943,2.9817,NEAR BAY
14941,-117.04,32.63,26,2756,422,1166,398,5.1354,NEAR OCEAN
12399,-116.31,33.67,11,4686,851,2466,731,3.3333,INLAND
6256,-117.95,34.03,35,804,159,727,179,2.7361,<1H OCEAN
4411,-118.25,34.09,52,104,20,32,17,3.75,<1H OCEAN
11083,-117.84,33.82,24,10281,1689,4926,1629,4.7946,<1H OCEAN
1219,-120.91,38.11,9,3585,680,1800,598,3.636,INLAND
17275,-119.69,34.38,39,1383,459,677,362,2.25,NEAR OCEAN
6916,-118,33.95,35,1431,210,505,213,6.8109,<1H OCEAN
10407,-117.58,33.66,4,3305,644,1693,597,5.2497,<1H OCEAN
15281,-117.3,33.06,31,2128,520,1049,485,4.027,NEAR OCEAN
13728,-117.18,34.05,29,3436,731,1323,676,2.4943,INLAND
2333,-119.69,36.83,8,943,189,475,155,4.9327,INLAND
13240,-117.67,34.12,15,3162,495,1145,473,5.3525,INLAND
11222,-117.9,33.8,27,2176,442,1440,418,4.375,<1H OCEAN
17343,-120.41,34.86,15,978,187,407,182,4.375,<1H OCEAN
